{
    "optuna_result": [
        {
            "lr": 0.023399218748090814,
            "name": "1611096752-41e3934",
            "objective_score": 0.2992836803197861
        }
    ]
}