{
    "optuna_result": [
        {
            "lr": 0.019996310207460448,
            "name": "1611096758-41e3934",
            "objective_score": 0.45914588323794303
        }
    ]
}