{
    "training_result": [
        {
            "acc": [
                0.5400000214576721
            ],
            "hypername": "1611087236-87b2e49",
            "loss": [
                2.327375888824463
            ],
            "model_evaluate_on_test_acc": 0.33000001311302185,
            "model_evaluate_on_test_loss": 0.8118719458580017,
            "name": "1611087621-87b2e49",
            "val_acc": [
                0.33000001311302185
            ],
            "val_loss": [
                0.8118719458580017
            ]
        },
        {
            "acc": [
                0.5299999713897705,
                0.5799999833106995,
                0.6299999952316284,
                0.5400000214576721,
                0.699999988079071,
                0.5899999737739563,
                0.6399999856948853,
                0.75,
                0.800000011920929,
                0.7799999713897705,
                0.8500000238418579,
                0.8700000047683716,
                0.8600000143051147,
                0.8999999761581421,
                0.8999999761581421,
                0.949999988079071,
                0.9399999976158142,
                0.9800000190734863,
                0.9200000166893005,
                0.9599999785423279,
                0.9399999976158142,
                0.949999988079071,
                0.9800000190734863,
                1.0,
                0.9800000190734863,
                0.9900000095367432,
                1.0,
                1.0,
                0.949999988079071,
                1.0,
                1.0,
                1.0,
                1.0,
                1.0,
                1.0,
                1.0,
                1.0,
                1.0,
                1.0,
                1.0,
                1.0,
                1.0,
                1.0,
                1.0,
                1.0,
                1.0,
                1.0,
                1.0,
                1.0,
                0.9900000095367432,
                1.0,
                1.0,
                1.0,
                1.0
            ],
            "hypername": "1611096754-41e3934",
            "loss": [
                2.7223758697509766,
                3.4948456287384033,
                2.527352809906006,
                2.239412784576416,
                0.6260547041893005,
                0.6104116439819336,
                0.522760808467865,
                0.4622182548046112,
                0.42273858189582825,
                0.4300447106361389,
                0.3628172278404236,
                0.3432766795158386,
                0.29165977239608765,
                0.254975289106369,
                0.21558809280395508,
                0.1521458625793457,
                0.11816774308681488,
                0.10033393651247025,
                0.25430092215538025,
                0.14995989203453064,
                0.12595219910144806,
                0.1667952984571457,
                0.11668958514928818,
                0.08720776438713074,
                0.09524533897638321,
                0.059958990663290024,
                0.04229077324271202,
                0.02642735093832016,
                0.1392381638288498,
                0.015729611739516258,
                0.014915975742042065,
                0.016010707244277,
                0.039122868329286575,
                0.011626281775534153,
                0.010690386407077312,
                0.02854432351887226,
                0.01502854935824871,
                0.007219195365905762,
                0.0023381083738058805,
                0.004048613365739584,
                0.008220929652452469,
                0.007272540125995874,
                0.005584627855569124,
                0.0009429518249817193,
                0.0030408978927880526,
                0.005569573491811752,
                0.0009387427708134055,
                0.0014519979013130069,
                0.0009080950985662639,
                0.02383614145219326,
                0.0011709592072293162,
                0.001418424304574728,
                0.001333300955593586,
                0.0013034397270530462
            ],
            "model_evaluate_on_test_acc": 0.6700000166893005,
            "model_evaluate_on_test_loss": 5.136712074279785,
            "name": "1611098145-049ac37",
            "val_acc": [
                0.6700000166893005,
                0.6700000166893005,
                0.6700000166893005,
                0.6700000166893005,
                0.6700000166893005,
                0.6700000166893005,
                0.6700000166893005,
                0.6700000166893005,
                0.6700000166893005,
                0.6700000166893005,
                0.6700000166893005,
                0.6700000166893005,
                0.6700000166893005,
                0.6700000166893005,
                0.6700000166893005,
                0.6700000166893005,
                0.6700000166893005,
                0.6700000166893005,
                0.6700000166893005,
                0.6700000166893005,
                0.6700000166893005,
                0.6700000166893005,
                0.6700000166893005,
                0.6700000166893005,
                0.6700000166893005,
                0.6700000166893005,
                0.6700000166893005,
                0.6700000166893005,
                0.6700000166893005,
                0.6700000166893005,
                0.6700000166893005,
                0.6700000166893005,
                0.6700000166893005,
                0.6700000166893005,
                0.6700000166893005,
                0.6700000166893005,
                0.6700000166893005,
                0.6700000166893005,
                0.6700000166893005,
                0.6700000166893005,
                0.6800000071525574,
                0.6700000166893005,
                0.6700000166893005,
                0.6700000166893005,
                0.6700000166893005,
                0.6800000071525574,
                0.6800000071525574,
                0.6899999976158142,
                0.6800000071525574,
                0.6700000166893005,
                0.6800000071525574,
                0.6899999976158142,
                0.699999988079071,
                0.7200000286102295
            ],