{
    "training_result": [
        {
            "acc": [
                0.5400000214576721
            ],
            "hypername": "1611087236-87b2e49",
            "loss": [
                2.327375888824463
            ],
            "model_evaluate_on_test_acc": 0.33000001311302185,
            "model_evaluate_on_test_loss": 0.8118719458580017,
            "name": "1611087621-87b2e49",
            "val_acc": [
                0.33000001311302185
            ],
            "val_loss": [
                0.8118719458580017
            ]
        }
    ]
}