{
    "training_result": [
        {
            "acc": [
                0.08148535341024399,
                0.08729079365730286,
                0.10193514823913574,
                0.11605648696422577,
                0.13164225220680237,
                0.14398536086082458,
                0.1485355645418167,
                0.14984309673309326,
                0.1526673585176468,
                0.15601465106010437,
                0.1543933004140854,
                0.16108787059783936,
                0.16197699308395386,
                0.16192469000816345,
                0.1630753129720688,
                0.16370293498039246,
                0.1692991703748703,
                0.18974895775318146,
                0.20345188677310944,
                0.2143305391073227
            ],
            "embed_dim": 512,
            "ff_dim": 128,
            "hypername": "1604311351-4a1fe22",
            "loss": [
                2.8319478034973145,
                2.78336763381958,
                2.689340114593506,
                2.6043574810028076,
                2.5623302459716797,
                2.5278491973876953,
                2.507575035095215,
                2.491518974304199,
                2.4764578342437744,
                2.4561421871185303,
                2.449129819869995,
                2.438645839691162,
                2.431382894515991,
                2.423197031021118,
                2.4171760082244873,
                2.4126784801483154,
                2.4023256301879883,
                2.346128225326538,
                2.3009469509124756,
                2.272704839706421
            ],
            "lr": 0.00046485314304951054,
            "name": "1604513035-ce99b25",
            "num_heads": 4,
            "val_acc": [
                0.08451882749795914,
                0.09428173303604126,
                0.11576011031866074,
                0.1241283118724823,
                0.1372384876012802,
                0.13612273335456848,
                0.12970711290836334,
                0.14421199262142181,
                0.1545327752828598,
                0.13947001099586487,
                0.1397489607334137,
                0.14281728863716125,
                0.13751743733882904,
                0.13640166819095612,
                0.14086471498012543,
                0.14532776176929474,
                0.14728033542633057,
                0.1467224508523941,
                0.18465830385684967,
                0.15955369174480438
            ],
            "val_loss": [
                2.7970986366271973,
                2.796921968460083,
                2.7580840587615967,
                2.7112772464752197,
                2.5733859539031982,
                2.569260835647583,
                2.5710880756378174,
                2.6186883449554443,
                2.518827199935913,
                2.645578145980835,
                2.681696653366089,
                2.7234673500061035,
                2.549567699432373,
                2.5028016567230225,
                2.5873217582702637,
                2.4715073108673096,
                2.7873787879943848,
                2.642090082168579,
                2.6797292232513428,
                2.5827605724334717
            ],
            "value": 0.1615062803030014
        }
    ]
}