{
    "training_result": [
        {
            "acc": [
                0.05550035089254379,
                0.0558873675763607
            ],
            "embed_dim": 64,
            "ff_dim": 64,
            "hypername": "1602262188-f47895b",
            "loss": [
                2.9088234901428223,
                2.9069952964782715
            ],
            "lr": 0.09684401674134752,
            "name": "1602266904-6204445",
            "num_heads": 16,
            "val_acc": [
                0.061593394726514816,
                0.053559474647045135
            ],
            "val_loss": [
                2.9067111015319824,
                2.8985977172851562
            ],
            "value": 0.059601541608572006
        },
        {
            "acc": [
                0.16938799619674683,
                0.27257513999938965,
                0.32996872067451477,
                0.3620597720146179,
                0.3856259882450104,
                0.4074349105358124,
                0.42449504137039185,
                0.4378105401992798,
                0.44668054580688477,
                0.45622000098228455,
                0.4660000205039978,
                0.4724433422088623,
                0.4784891605377197,
                0.48530903458595276,
                0.49261006712913513,
                0.49955543875694275,
                0.505841851234436,
                0.5107161998748779,
                0.5155068635940552,
                0.5187912583351135
            ],
            "embed_dim": 512,
            "ff_dim": 32,
            "hypername": "1602500536-24defb2",
            "loss": [
                2.530241012573242,
                2.1222429275512695,
                1.942563533782959,
                1.8412281274795532,
                1.7671369314193726,
                1.7087738513946533,
                1.66022527217865,
                1.6215630769729614,
                1.5883301496505737,
                1.5616599321365356,
                1.5346399545669556,
                1.5130704641342163,
                1.4920463562011719,
                1.4694936275482178,
                1.4474648237228394,
                1.4285061359405518,
                1.4139376878738403,
                1.397807002067566,
                1.3795535564422607,
                1.3649485111236572
            ],
            "lr": 8.009046616009142e-05,
            "name": "1602525067-24defb2",
            "num_heads": 16,
            "val_acc": [
                0.19203302264213562,
                0.18639811873435974,
                0.19833742082118988,
                0.20782192051410675,
                0.21769694983959198,
                0.20224280655384064,
                0.21083463728427887,
                0.20079223811626434,
                0.2242245078086853,
                0.22305288910865784,
                0.19337201118469238,
                0.2271256446838379,
                0.22020754218101501,
                0.19694264233112335,
                0.21658112108707428,
                0.23761437833309174,
                0.2210444062948227,
                0.22779513895511627,
                0.21886855363845825,
                0.21200625598430634
            ],
            "val_loss": [
                2.4075539112091064,
                2.336380958557129,
                2.3554584980010986,
                2.3630599975585938,
                2.507261037826538,
                2.605515241622925,
                2.5732522010803223,
                2.644263744354248,
                2.655371904373169,
                2.612611770629883,
                2.8562874794006348,
                2.79526948928833,
                2.7525763511657715,
                2.7967748641967773,
                2.8104357719421387,
                2.8857815265655518,
                3.113077402114868,
                3.0097477436065674,
                2.9527337551116943,
                3.0876803398132324
            ],
            "value": 0.2554830014705658
        }
    ]
}