{
    "training_result": [
        {
            "acc": [
                0.05550035089254379,
                0.0558873675763607
            ],
            "embed_dim": 64,
            "ff_dim": 64,
            "hypername": "1602262188-f47895b",
            "loss": [
                2.9088234901428223,
                2.9069952964782715
            ],
            "lr": 0.09684401674134752,
            "name": "1602266904-6204445",
            "num_heads": 16,
            "val_acc": [
                0.061593394726514816,
                0.053559474647045135
            ],
            "val_loss": [
                2.9067111015319824,
                2.8985977172851562
            ],
            "value": 0.059601541608572006
        }
    ]
}