{
    "optuna_result": [
        {
            "lr": 0.015563679320494838,
            "name": "1611096753-41e3934",
            "objective_score": 1.9019886255264282
        }
    ]
}