{
    "optuna_result": [
        {
            "lr": 0.011138562549009691,
            "name": "1611096766-41e3934",
            "objective_score": 0.5111788272857666
        }
    ]
}