{
    "optuna_result": [
        {
            "embed_dim": 64,
            "ff_dim": 64,
            "lr": 1.0177587329216099e-05,
            "name": "1601414722-61e4279",
            "num_heads": 8,
            "value": 0.4232456088066101
        },
        {
            "embed_dim": 32,
            "ff_dim": 64,
            "lr": 0.025068014761509952,
            "name": "1601415144-61e4279",
            "num_heads": 8,
            "value": 0.844298243522644
        }
    ]
}