{
    "optuna_result": [
        {
            "lr": 0.029073899548960287,
            "name": "1611096758-41e3934",
            "objective_score": 2.035965180397034
        }
    ]
}