{
    "training_result": [
        {
            "acc": [
                0.38849884271621704,
                0.47676363587379456,
                0.46673354506492615,
                0.3406887352466583,
                0.4824473559856415,
                0.3991975784301758,
                0.4025409519672394,
                0.40454697608947754,
                0.3831494450569153,
                0.4008692800998688,
                0.43129387497901917,
                0.4259445071220398,
                0.40454697608947754,
                0.4008692800998688,
                0.33299899101257324,
                0.3146105110645294,
                0.3744567036628723,
                0.4657305181026459,
                0.39184218645095825,
                0.4269475042819977,
                0.4476763606071472,
                0.37245067954063416,
                0.4366432726383209,
                0.4252758324146271,
                0.4463390111923218,
                0.4597124755382538,
                0.5797392129898071,
                0.5797392129898071,
                0.5797392129898071,
                0.5797392129898071,
                0.5797392129898071,
                0.5797392129898071,
                0.5797392129898071,
                0.5797392129898071,
                0.5797392129898071,
                0.5797392129898071,
                0.5797392129898071,
                0.5797392129898071,
                0.5797392129898071,
                0.5797392129898071,
                0.5797392129898071,
                0.5797392129898071,
                0.5797392129898071,
                0.5797392129898071,
                0.5797392129898071,
                0.5797392129898071,
                0.5797392129898071,
                0.5797392129898071,
                0.5797392129898071,
                0.5797392129898071,
                0.5797392129898071,
                0.5797392129898071,
                0.5797392129898071,
                0.5797392129898071,
                0.5797392129898071,
                0.5797392129898071,
                0.5797392129898071,
                0.5797392129898071,
                0.5797392129898071,
                0.5797392129898071,
                0.5797392129898071,
                0.5797392129898071
            ],
            "hypername": "1611243664-2334091",
            "loss": [
                3.126896619796753,
                3.8125245571136475,
                3.0497093200683594,
                2.8701465129852295,
                1.977779507637024,
                3.4260025024414062,
                2.4826979637145996,
                1.2054588794708252,
                1.057388424873352,
                1.0447793006896973,
                1.0478025674819946,
                1.0416327714920044,
                1.0473090410232544,
                1.051966905593872,
                1.1210527420043945,
                1.0598000288009644,
                1.0603448152542114,
                1.0591224431991577,
                1.0582611560821533,
                1.0562200546264648,
                1.0502257347106934,
                1.058310627937317,
                1.043813943862915,
                1.0563186407089233,
                1.049980640411377,
                1.0480650663375854,
                1.0455154180526733,
                1.0482747554779053,
                1.0540746450424194,
                1.0539233684539795,
                1.047727108001709,
                1.0475904941558838,
                1.0499279499053955,
                1.053918480873108,
                1.0475940704345703,
                1.051777958869934,
                1.0497931241989136,
                1.054032325744629,
                1.0458914041519165,
                1.0520093441009521,
                1.0520124435424805,
                1.053895354270935,
                1.0284785032272339,
                1.0541354417800903,
                1.0626041889190674,
                1.0581282377243042,
                1.0457934141159058,
                1.05177903175354,
                1.0519094467163086,
                1.049660563468933,
                1.0520073175430298,
                1.04767644405365,
                1.0520069599151611,
                1.049660563468933,
                1.0517765283584595,
                1.0538946390151978,
                1.0498902797698975,
                1.0476759672164917,
                1.0560106039047241,
                1.0496602058410645,
                1.0263760089874268,
                1.0560106039047241
            ],
            "model_evaluate_on_test_acc": 0.5791583061218262,
            "model_evaluate_on_test_loss": 1.0959209203720093,
            "name": "1611349464-2a63eb4",
            "val_acc": [
                0.5791583061218262,
                0.5791583061218262,
                0.5771543383598328,
                0.5741482973098755,
                0.5771543383598328,
                0.5801603198051453,
                0.5761523246765137,
                0.2635270655155182,
                0.12725451588630676,
                0.12725451588630676,
                0.29358717799186707,
                0.5791583061218262,
                0.12725451588630676,
                0.29358717799186707,
                0.3036072254180908,
                0.17434869706630707,
                0.32264527678489685,
                0.31963926553726196,
                0.32565128803253174,
                0.32565128803253174,
                0.31963926553726196,
                0.32464930415153503,
                0.32464930415153503,
                0.5811623334884644,
                0.5821643471717834,
                0.5761523246765137,
                0.5841683149337769,
                0.5781562924385071,
                0.5771543383598328,
                0.5791583061218262,
                0.5811623334884644,
                0.5811623334884644,
                0.5781562924385071,
                0.5751503109931946,
                0.5821643471717834,
                0.5761523246765137,
                0.5821643471717834,
                0.5731462836265564,
                0.5751503109931946,
                0.5801603198051453,
                0.5791583061218262,
                0.5781562924385071,
                0.5801603198051453,
                0.5761523246765137,
                0.5771543383598328,
                0.5801603198051453,
                0.5811623334884644,
                0.5761523246765137,
                0.5791583061218262,
                0.5791583061218262,
                0.5801603198051453,
                0.5771543383598328,
                0.5781562924385071,
                0.5771543383598328,
                0.5791583061218262,
                0.5771543383598328,
                0.5791583061218262,
                0.5791583061218262,
                0.5781562924385071,
                0.5791583061218262,
                0.5781562924385071,
                0.5741482973098755
            ],