{
    "optuna_result": [
        {
            "embed_dim": 64,
            "ff_dim": 128,
            "lr": 0.010858948196220545,
            "name": "1610386112-1d1776c",
            "num_heads": 8,
            "objective_score": 2.075612735748291
        },
        {
            "embed_dim": 32,
            "ff_dim": 64,
            "lr": 0.010143947537164797,
            "name": "1610415728-3351af1",
            "num_heads": 16,
            "objective_score": 0.13414520174264907
        }
    ]
}