{
    "optuna_result": [
        {
            "embed_dim": 512,
            "ff_dim": 128,
            "lr": 0.00046485314304951054,
            "name": "1604311351-4a1fe22",
            "num_heads": 4,
            "objective_score:": -10.2580339312553406
        },
        {
            "embed_dim": 128,
            "ff_dim": 32,
            "lr": 0.00010746172272496667,
            "name": "1604504553-ce99b25",
            "num_heads": 16,
            "objective_score": -10.2449093461036682
        }
    ]
}
