{
    "optuna_result": [
        {
            "embed_dim": 64,
            "ff_dim": 64,
            "lr": 0.09684401674134752,
            "name": "1602262188-f47895b",
            "num_heads": 16,
            "value": 0.059601541608572006
        }
    ]
}