{
    "optuna_result": [
        {
            "embed_dim": 512,
            "ff_dim": 128,
            "lr": 0.00046485314304951054,
            "name": "1604311351-4a1fe22",
            "num_heads": 4,
            "value": 0.2580339312553406
        }
    ]
}