{
    "optuna_result": [
        {
            "embed_dim": 64,
            "ff_dim": 64,
            "lr": 0.09684401674134752,
            "name": "1602262188-f47895b",
            "num_heads": 16,
            "value": 0.059601541608572006
        },
        {
            "embed_dim": 512,
            "ff_dim": 32,
            "lr": 8.009046616009142e-05,
            "name": "1602500536-24defb2",
            "num_heads": 16,
            "value": 0.2645236849784851
        },
        {
            "embed_dim": 512,
            "ff_dim": 128,
            "lr": 6.157044481422935e-05,
            "name": "1603191173-2043e2a",
            "num_heads": 4,
            "value": 0.22305288910865784
        }
    ]
}