{
    "optuna_result": [
        {
            "embed_dim": 64,
            "ff_dim": 32,
            "lr": 0.017793369227387633,
            "name": "1610386112-1d1776c",
            "num_heads": 16,
            "objective_score": 1.463846601836849e-05
        },
        {
            "embed_dim": 64,
            "ff_dim": 32,
            "lr": 0.019617501921223274,
            "name": "1610415728-3351af1",
            "num_heads": 8,
            "objective_score": 0.0026534748380072416
        }
    ]
}