{
    "training_result": [
        {
            "acc": [
                0.7023661136627197,
                0.6587795615196228,
                0.7721046209335327,
                0.7795765995979309,
                0.7509340047836304,
                0.7509340047836304,
                0.7496886849403381,
                0.773349940776825,
                0.6438356041908264,
                0.7708593010902405,
                0.7160647511482239,
                0.7758405804634094,
                0.7795765995979309,
                0.7783312797546387,
                0.7795765995979309,
                0.7783312797546387,
                0.7683686017990112,
                0.7795765995979309,
                0.7795765995979309,
                0.7795765995979309,
                0.7795765995979309,
                0.7795765995979309,
                0.7795765995979309,
                0.7795765995979309,
                0.7795765995979309,
                0.7795765995979309,
                0.7795765995979309,
                0.7795765995979309,
                0.7795765995979309,
                0.7795765995979309,
                0.7795765995979309,
                0.7795765995979309,
                0.7795765995979309,
                0.7795765995979309,
                0.7795765995979309,
                0.7795765995979309,
                0.7795765995979309,
                0.7795765995979309,
                0.7795765995979309,
                0.7795765995979309,
                0.7795765995979309,
                0.7795765995979309,
                0.7795765995979309,
                0.7795765995979309,
                0.7795765995979309,
                0.7795765995979309,
                0.7795765995979309,
                0.7795765995979309,
                0.7795765995979309,
                0.7795765995979309,
                0.7795765995979309,
                0.7795765995979309,
                0.7795765995979309,
                0.7795765995979309
            ],
            "hypername": "1611096766-41e3934",
            "loss": [
                0.9574872851371765,
                0.798528790473938,
                0.5666834712028503,
                0.5565218329429626,
                0.5867558121681213,
                0.5587605237960815,
                0.6273236870765686,
                0.5498070120811462,
                0.6623501777648926,
                0.593721330165863,
                0.617643415927887,
                0.5426502823829651,
                0.5361700057983398,
                0.5576964020729065,
                0.5508782267570496,
                0.5537900924682617,
                0.5614945888519287,
                0.538924515247345,
                0.5338615775108337,
                0.5244688987731934,
                0.5240885019302368,
                0.5242308974266052,
                0.5230927467346191,
                0.5242601633071899,
                0.5259830355644226,
                0.5219851732254028,
                0.5230153799057007,
                0.5223421454429626,
                0.5215243101119995,
                0.5229154229164124,
                0.5242305397987366,
                0.5234910249710083,
                0.5210826396942139,
                0.5211097002029419,
                0.5209327340126038,
                0.5202769637107849,
                0.5216756463050842,
                0.5223782658576965,
                0.5209842920303345,
                0.5205520391464233,
                0.5244284868240356,
                0.5191484689712524,
                0.5193827152252197,
                0.5174382328987122,
                0.5192655324935913,
                0.5170913934707642,
                0.518765926361084,
                0.5194118618965149,
                0.5186974406242371,
                0.520291268825531,
                0.5190485715866089,
                0.5185889005661011,
                0.519323468208313,
                0.5179967284202576
            ],
            "model_evaluate_on_test_acc": 0.779026210308075,
            "model_evaluate_on_test_loss": 0.5228056907653809,
            "name": "1611110115-049ac37",
            "val_acc": [
                0.779026210308075,
                0.22097378969192505,
                0.779026210308075,
                0.22097378969192505,
                0.779026210308075,
                0.22097378969192505,
                0.2415730357170105,
                0.22097378969192505,
                0.779026210308075,
                0.22097378969192505,
                0.22097378969192505,
                0.31273409724235535,
                0.22097378969192505,
                0.22097378969192505,
                0.22097378969192505,
                0.22097378969192505,
                0.22097378969192505,
                0.779026210308075,
                0.22097378969192505,
                0.63670414686203,
                0.7640449404716492,
                0.7846441864967346,
                0.779026210308075,
                0.779026210308075,
                0.779026210308075,
                0.779026210308075,
                0.779026210308075,
                0.779026210308075,
                0.779026210308075,
                0.779026210308075,
                0.779026210308075,
                0.779026210308075,
                0.779026210308075,
                0.779026210308075,
                0.779026210308075,
                0.779026210308075,
                0.779026210308075,
                0.779026210308075,
                0.779026210308075,
                0.779026210308075,
                0.779026210308075,
                0.779026210308075,
                0.779026210308075,
                0.779026210308075,
                0.779026210308075,
                0.779026210308075,
                0.779026210308075,
                0.779026210308075,
                0.779026210308075,
                0.779026210308075,
                0.779026210308075,
                0.779026210308075,
                0.779026210308075,
                0.779026210308075
            ],