{
    "training_result": [
        {
            "acc": [
                0.6100000143051147,
                0.6600000262260437,
                0.6800000071525574,
                0.6600000262260437,
                0.6600000262260437,
                0.6600000262260437,
                0.6899999976158142,
                0.6800000071525574,
                0.7599999904632568,
                0.7300000190734863,
                0.7599999904632568,
                0.7300000190734863,
                0.75,
                0.800000011920929,
                0.75,
                0.7900000214576721,
                0.8199999928474426,
                0.75,
                0.7699999809265137,
                0.8100000023841858
            ],
            "embed_dim": 32,
            "ff_dim": 64,
            "hypername": "1608307972-aefde0d",
            "loss": [
                0.8199046850204468,
                0.6331596374511719,
                0.6226206421852112,
                0.6493298411369324,
                0.6024289131164551,
                0.606163501739502,
                0.5870574712753296,
                0.5742817521095276,
                0.5541165471076965,
                0.5333271026611328,
                0.4989701211452484,
                0.5069409012794495,
                0.5064171552658081,
                0.47190555930137634,
                0.5048995018005371,
                0.4863830506801605,
                0.4851422905921936,
                0.49813300371170044,
                0.4983289837837219,
                0.494109183549881
            ],
            "model_evaluate_on_test_acc": 0.7300000190734863,
            "model_evaluate_on_test_loss": 0.6233189702033997,
            "name": "1608309631-aefde0d",
            "num_heads": 4,
            "val_acc": [
                0.6700000166893005,
                0.7200000286102295,
                0.6700000166893005,
                0.6700000166893005,
                0.6700000166893005,
                0.6700000166893005,
                0.699999988079071,
                0.7300000190734863,
                0.699999988079071,
                0.7099999785423279,
                0.7400000095367432,
                0.7400000095367432,
                0.7300000190734863,
                0.7400000095367432,
                0.7400000095367432,
                0.7400000095367432,
                0.7400000095367432,
                0.7300000190734863,
                0.7300000190734863,
                0.7300000190734863
            ],
            "val_loss": [
                0.6559402942657471,
                0.6219204664230347,
                0.634468674659729,
                0.6308807134628296,
                0.6243860125541687,
                0.6069881319999695,
                0.6008057594299316,
                0.587639331817627,
                0.578460693359375,
                0.6084559559822083,
                0.6312633752822876,
                0.6317725777626038,
                0.6274177432060242,
                0.6259616613388062,
                0.6245329976081848,
                0.6242091655731201,
                0.6236075162887573,
                0.6234663128852844,
                0.6233457326889038,
                0.6233189702033997
            ]
        }
    ]
}