{
    "optuna_result": [
        {
            "kernel_size": 3,
            "lr": 0.016419331460121533,
            "name": "1611096760-41e3934",
            "objective_score": 0.40924529880285265
        },
        {
            "kernel_size": 3,
            "lr": 0.012735834269015336,
            "name": "1611407753-84ab4bf",
            "objective_score": 0.8995034575462342
        }
    ]
}
