{
    "optuna_result": [
        {
            "lr": 0.016419331460121533,
            "name": "1611096760-41e3934",
            "objective_score": 0.40924529880285265
        }
    ]
}