{
    "training_result": [
        {
            "acc": [
                0.5625,
                0.6875,
                0.4375,
                0.5625,
                0.5625,
                0.5625,
                0.75,
                0.75,
                0.75,
                0.8125,
                0.9375,
                0.8125,
                0.8125,
                0.875,
                0.875,
                0.9375,
                0.9375,
                0.9375,
                1.0,
                1.0,
                1.0,
                1.0,
                1.0,
                1.0,
                1.0,
                1.0,
                1.0,
                1.0,
                1.0,
                1.0,
                1.0,
                1.0,
                1.0,
                1.0,
                1.0,
                1.0,
                1.0,
                1.0,
                1.0,
                1.0,
                1.0,
                1.0
            ],
            "hypername": "1611096753-41e3934",
            "loss": [
                0.631885826587677,
                2.7098641395568848,
                7.918898105621338,
                4.768824100494385,
                2.435896635055542,
                1.458214282989502,
                0.5077565908432007,
                0.49572300910949707,
                0.4712233543395996,
                0.4327359199523926,
                0.38837453722953796,
                0.34797215461730957,
                0.3167896270751953,
                0.2810841500759125,
                0.24825584888458252,
                0.22288432717323303,
                0.1922401338815689,
                0.15275022387504578,
                0.11758643388748169,
                0.07290621101856232,
                0.0478338748216629,
                0.020730208605527878,
                0.011900384910404682,
                0.007148462347686291,
                0.0037913841661065817,
                0.0027019032277166843,
                0.0021540727466344833,
                0.001593138207681477,
                0.001150350202806294,
                0.000878942315466702,
                0.0006958552985452116,
                0.0005638835718855262,
                0.00046275556087493896,
                0.0003806735621765256,
                0.0003139408945571631,
                0.00026091671315953135,
                0.000218583969399333,
                0.0001841646444518119,
                0.00015577379963360727,
                0.00013286616012919694,
                0.00011504621215863153,
                0.00010162028775084764
            ],
            "model_evaluate_on_test_acc": 0.4000000059604645,
            "model_evaluate_on_test_loss": 5.415972709655762,
            "name": "1611097790-049ac37",
            "val_acc": [
                0.6000000238418579,
                0.5,
                0.6000000238418579,
                0.6000000238418579,
                0.6000000238418579,
                0.6000000238418579,
                0.6000000238418579,
                0.6000000238418579,
                0.6000000238418579,
                0.6000000238418579,
                0.6000000238418579,
                0.6000000238418579,
                0.6000000238418579,
                0.6000000238418579,
                0.6000000238418579,
                0.6000000238418579,
                0.6000000238418579,
                0.6000000238418579,
                0.6000000238418579,
                0.6000000238418579,
                0.6000000238418579,
                0.6000000238418579,
                0.6000000238418579,
                0.6000000238418579,
                0.6000000238418579,
                0.6000000238418579,
                0.6000000238418579,
                0.5,
                0.5,
                0.5,
                0.4000000059604645,
                0.4000000059604645,
                0.5,
                0.5,
                0.5,
                0.5,
                0.5,
                0.5,
                0.6000000238418579,
                0.699999988079071,
                0.699999988079071,
                0.699999988079071
            ],
            "val_loss": [
                1.8963203430175781,
                1.524770736694336,
                6.447237968444824,
                6.447237968444824,
                6.447237968444824,
                6.447237968444824,
                6.447237968444824,
                6.447237968444824,
                6.447237968444824,
                6.447237968444824,
                6.447237968444824,
                6.447237968444824,
                6.447237968444824,
                6.447237968444824,
                6.447237968444824,
                6.447237968444824,
                6.447237968444824,
                6.447237968444824,
                6.447237968444824,
                6.447237968444824,
                6.447237968444824,
                6.447237968444824,
                6.447237968444824,
                6.264004707336426,
                5.982181549072266,
                5.735795974731445,
                5.5584211349487305,
                5.471313953399658,
                5.446374893188477,
                5.454294204711914,
                5.497237205505371,
                5.415972709655762,
                5.094085216522217,
                4.817504405975342,
                4.322831630706787,
                3.634273052215576,
                3.0702366828918457,
                2.6976099014282227,
                2.518914222717285,
                2.460736036300659,
                2.4410064220428467,
                2.4246773719787598
            ]
        }
    ]
}