{
    "optuna_result": [
        {
            "augmented": null,
            "avocado": null,
            "kernel_size": 3,
            "lr": 0.010978098032311524,
            "name": "1611087236-87b2e49",
            "objective_score": 3.6688515901565553,
            "pool_size": 3,
            "scaledown_factor": 1,
            "testset": null,
            "z-redshift": null
        },
        {
            "augmented": null,
            "avocado": null,
            "kernel_size": 3,
            "lr": 0.014054128316213586,
            "name": "1611096754-41e3934",
            "objective_score": 1.7937257170677186,
            "pool_size": 3,
            "scaledown_factor": 1,
            "testset": null,
            "z-redshift": null
        },
        {
            "augmented": null,
            "avocado": null,
            "kernel_size": 96,
            "lr": 0.017236672040063714,
            "name": "1611406988-84ab4bf",
            "objective_score": 1.3889766663312912,
            "pool_size": 96,
            "scaledown_factor": 1,
            "testset": null,
            "z-redshift": null
        },
        {
            "augmented": null,
            "avocado": null,
            "kernel_size": 16,
            "lr": 0.012730306078798487,
            "name": "1644492598-0.3.1.dev10+g936df1b",
            "objective_score": 0.49393340945243835,
            "pool_size": 16,
            "scaledown_factor": 4,
            "testset": null,
            "z-redshift": null
        }
    ]
}
