{
    "training_result": [
        {
            "acc": [
                0.125,
                0.10999999940395355,
                0.13500000536441803,
                0.11999999731779099,
                0.17499999701976776,
                0.20499999821186066,
                0.1850000023841858,
                0.25999999046325684,
                0.25999999046325684,
                0.24500000476837158,
                0.33500000834465027,
                0.3199999928474426,
                0.36000001430511475,
                0.38499999046325684,
                0.39500001072883606,
                0.4399999976158142,
                0.4449999928474426,
                0.4650000035762787,
                0.48500001430511475,
                0.5249999761581421,
                0.4950000047683716,
                0.48500001430511475,
                0.5450000166893005,
                0.5899999737739563,
                0.5249999761581421,
                0.5799999833106995,
                0.6100000143051147,
                0.6000000238418579,
                0.6000000238418579,
                0.625,
                0.6349999904632568,
                0.6600000262260437,
                0.6299999952316284,
                0.6499999761581421,
                0.6600000262260437,
                0.6650000214576721,
                0.6600000262260437,
                0.675000011920929,
                0.6600000262260437,
                0.675000011920929,
                0.6899999976158142,
                0.6700000166893005,
                0.6600000262260437,
                0.7049999833106995,
                0.6549999713897705,
                0.6299999952316284,
                0.6549999713897705,
                0.675000011920929,
                0.6700000166893005,
                0.6399999856948853,
                0.6700000166893005,
                0.675000011920929
            ],
            "hypername": "1611096758-41e3934",
            "loss": [
                5.750033378601074,
                3.682082176208496,
                3.471707820892334,
                2.939173698425293,
                2.8248379230499268,
                2.870060443878174,
                3.1116864681243896,
                2.8630945682525635,
                3.2501022815704346,
                3.3951919078826904,
                3.2213525772094727,
                3.0753562450408936,
                3.0498476028442383,
                2.774134635925293,
                2.6706361770629883,
                2.5547730922698975,
                2.614199161529541,
                2.543621301651001,
                2.549065351486206,
                2.381424903869629,
                2.092458724975586,
                2.376460552215576,
                2.2496628761291504,
                2.1871743202209473,
                2.288896322250366,
                2.1585257053375244,
                2.0020599365234375,
                2.1962616443634033,
                2.195099353790283,
                2.0555760860443115,
                2.1072957515716553,
                1.9208015203475952,
                1.9432629346847534,
                2.055795431137085,
                2.023939371109009,
                1.9588351249694824,
                1.9738208055496216,
                1.949884295463562,
                1.8917590379714966,
                1.9193943738937378,
                1.9883064031600952,
                1.8868335485458374,
                1.9596589803695679,
                2.030299186706543,
                1.9032833576202393,
                2.1383326053619385,
                1.9911586046218872,
                1.9312865734100342,
                1.9853787422180176,
                2.012551784515381,
                1.9920345544815063,
                1.956163763999939
            ],
            "model_evaluate_on_test_acc": 0.5762038230895996,
            "model_evaluate_on_test_loss": 2.340715169906616,
            "name": "1611109978-049ac37",
            "val_acc": [
                0.12505844235420227,
                0.12505844235420227,
                0.12505844235420227,
                0.12505844235420227,
                0.12505844235420227,
                0.12505844235420227,
                0.12505844235420227,
                0.12505844235420227,
                0.12505844235420227,
                0.12505844235420227,
                0.12505844235420227,
                0.12505844235420227,
                0.11804581433534622,
                0.1063581109046936,
                0.10121551901102066,
                0.09934549033641815,
                0.12318840622901917,
                0.15007013082504272,
                0.17321178317070007,
                0.3391771912574768,
                0.42262738943099976,
                0.4216923713684082,
                0.23258532583713531,
                0.1886395514011383,
                0.15310892462730408,
                0.14516128599643707,
                0.1708742380142212,
                0.20126226544380188,
                0.22978027164936066,
                0.2529219388961792,
                0.28775128722190857,
                0.3277232348918915,
                0.37050023674964905,
                0.40486207604408264,
                0.45091164112091064,
                0.47709208726882935,
                0.5065451264381409,
                0.5287517309188843,
                0.548620879650116,
                0.563581109046936,
                0.573398768901825,
                0.5762038230895996,
                0.583450198173523,
                0.5923328399658203,
                0.59373539686203,
                0.5949041843414307,
                0.6007480025291443,
                0.6023842692375183,
                0.6042543053627014,
                0.605423092842102,
                0.6070593595504761,
                0.6105656623840332
            ],
            "val_loss": [
                14.102378845214844,
                14.102384567260742,
                14.102384567260742,
                14.102384567260742,
                14.102384567260742,
                14.102384567260742,
                14.102384567260742,
                14.102384567260742,
                14.102383613586426,
                14.102383613586426,
                14.102383613586426,
                14.102383613586426,
                14.074761390686035,
                13.979823112487793,
                9.472185134887695,
                7.880227565765381,
                6.609046459197998,
                5.923977851867676,
                5.7504658699035645,
                2.0352680683135986,
                1.5897939205169678,
                1.5709105730056763,
                2.196467638015747,
                3.9344136714935303,
                5.989428997039795,
                6.453021049499512,
                5.423964977264404,
                4.65852165222168,
                4.13825798034668,
                3.8710179328918457,
                3.6587374210357666,
                3.4097414016723633,
                3.1688568592071533,
                3.0193300247192383,
                2.8341431617736816,
                2.750046491622925,
                2.6819849014282227,
                2.557807445526123,
                2.4572622776031494,
                2.3905224800109863,
                2.363938570022583,
                2.3407154083251953,
                2.2703561782836914,
                2.231555700302124,
                2.2189173698425293,
                2.217245101928711,
                2.1881227493286133,
                2.1737756729125977,
                2.1800873279571533,
                2.1424856185913086,
                2.116013526916504,
                2.0869314670562744
            ]
        }
    ]
}