{
    "optuna_result": [
        {
            "lr": 0.010036458699511652,
            "name": "1611096754-41e3934",
            "objective_score": 0.48483399748802186
        }
    ]
}