{
    "optuna_result": [
        {
            "embed_dim": 32,
            "ff_dim": 128,
            "lr": 0.010536060722685819,
            "name": "1610386112-1d1776c",
            "num_heads": 4,
            "objective_score": 0.9594330608844757
        },
        {
            "embed_dim": 32,
            "ff_dim": 512,
            "lr": 0.01021718264240465,
            "name": "1610415728-3351af1",
            "num_heads": 8,
            "objective_score": 0.33068900406360624
        }
    ]
}