{
    "optuna_result": [
        {
            "lr": 0.012815595487933675,
            "name": "1611096755-41e3934",
            "objective_score": 0.34501759707927704
        }
    ]
}