{
    "optuna_result": [
        {
            "lr": 0.022388362104093597,
            "name": "1611096752-41e3934",
            "objective_score": 2.627472686767578
        }
    ]
}