{
    "training_result": [
        {
            "acc": [
                0.04444444552063942,
                0.0555555559694767,
                0.1111111119389534,
                0.09444444626569748,
                0.08888889104127884,
                0.14444445073604584,
                0.1666666716337204,
                0.1388888955116272,
                0.18888889253139496,
                0.21666666865348816,
                0.2611111104488373,
                0.31111112236976624,
                0.2611111104488373,
                0.3499999940395355,
                0.4055555462837219,
                0.41111111640930176,
                0.44999998807907104,
                0.41111111640930176,
                0.4611110985279083,
                0.49444442987442017,
                0.4722222089767456,
                0.4611110985279083,
                0.39444443583488464,
                0.3333333432674408,
                0.3444444537162781,
                0.3888888955116272,
                0.41111111640930176,
                0.4611110985279083,
                0.4611110985279083,
                0.43888887763023376,
                0.5,
                0.5444444417953491
            ],
            "hypername": "1611096752-41e3934",
            "loss": [
                8.067770957946777,
                4.370156288146973,
                3.2029178142547607,
                3.1667277812957764,
                3.0559353828430176,
                2.9394633769989014,
                2.910843849182129,
                2.7147464752197266,
                2.5760624408721924,
                2.499171018600464,
                2.351351022720337,
                2.2283904552459717,
                2.1880459785461426,
                2.0311288833618164,
                1.9480246305465698,
                1.7958611249923706,
                1.9113519191741943,
                2.022996187210083,
                1.63936185836792,
                1.5631781816482544,
                1.497667908668518,
                1.4552127122879028,
                2.2362890243530273,
                2.3048007488250732,
                2.066879987716675,
                2.2602648735046387,
                2.1581788063049316,
                2.0242059230804443,
                2.065680742263794,
                2.034353494644165,
                1.8594661951065063,
                1.85468327999115
            ],
            "model_evaluate_on_test_acc": 0.06666667014360428,
            "model_evaluate_on_test_loss": 15.043554306030273,
            "name": "1611099156-049ac37",
            "val_acc": [
                0.1111111119389534,
                0.06666667014360428,
                0.06666667014360428,
                0.06666667014360428,
                0.06666667014360428,
                0.06666667014360428,
                0.06666667014360428,
                0.06666667014360428,
                0.06666667014360428,
                0.06666667014360428,
                0.06666667014360428,
                0.06666667014360428,
                0.06666667014360428,
                0.06666667014360428,
                0.06666667014360428,
                0.06666667014360428,
                0.06666667014360428,
                0.06666667014360428,
                0.06666667014360428,
                0.06666667014360428,
                0.06666667014360428,
                0.06666667014360428,
                0.06666667014360428,
                0.06666667014360428,
                0.06666667014360428,
                0.06666667014360428,
                0.06666667014360428,
                0.06666667014360428,
                0.06666667014360428,
                0.06666667014360428,
                0.06666667014360428,
                0.06666667014360428
            ],
            "val_loss": [
                5.475735664367676,
                15.043556213378906,
                15.043556213378906,
                15.043556213378906,
                15.043556213378906,
                15.043556213378906,
                15.043556213378906,
                15.043556213378906,
                15.043556213378906,
                15.043556213378906,
                15.043556213378906,
                15.043556213378906,
                15.043556213378906,
                15.043556213378906,
                15.043556213378906,
                15.043556213378906,
                15.043556213378906,
                15.043556213378906,
                15.043556213378906,
                15.043556213378906,
                15.043556213378906,
                15.043556213378906,
                15.043556213378906,
                15.043556213378906,
                15.043556213378906,
                15.043556213378906,
                15.043556213378906,
                15.043556213378906,
                15.043556213378906,
                15.043556213378906,
                15.043556213378906,
                15.043556213378906
            ]
        },
        {
            "acc": [
                0.02222222276031971,
                0.06666667014360428,
                0.05000000074505806,
                0.06111111119389534,
                0.07777778059244156,
                0.0833333358168602,
                0.12222222238779068,
                0.13333334028720856,
                0.12777778506278992,
                0.17222222685813904,
                0.1944444477558136,
                0.1666666716337204,
                0.15555556118488312,
                0.18333333730697632,
                0.1944444477558136,
                0.21111111342906952,
                0.23333333432674408,
                0.13333334028720856,
                0.1666666716337204,
                0.21666666865348816,
                0.16111111640930176,
                0.25555557012557983,
                0.2666666805744171,
                0.2777777910232544,
                0.23888888955116272,
                0.24444444477558136,
                0.21666666865348816,
                0.2944444417953491,
                0.3055555522441864,
                0.25555557012557983,
                0.31111112236976624,
                0.30000001192092896,
                0.25,
                0.25555557012557983,
                0.32777777314186096,
                0.35555556416511536,
                0.3055555522441864,
                0.3722222149372101,
                0.32777777314186096,
                0.30000001192092896,
                0.3444444537162781,
                0.3777777850627899,
                0.32777777314186096,
                0.38333332538604736,
                0.4277777671813965,
                0.4555555582046509,
                0.38333332538604736,
                0.4000000059604645,
                0.4555555582046509,
                0.4611110985279083,
                0.4055555462837219
            ],
            "hypername": "1611406994-84ab4bf",