{
    "training_result": [
        {
            "acc": [
                0.6286734938621521,
                0.6551162600517273,
                0.6710320115089417,
                0.6778620481491089,
                0.688827633857727,
                0.6936525106430054,
                0.7007331252098083,
                0.7001065015792847,
                0.7110721468925476,
                0.7086283564567566
            ],
            "embed_dim": 32,
            "ff_dim": 32,
            "hypername": "1603993968-1adbcd9",
            "loss": [
                0.8389285802841187,
                0.7877681255340576,
                0.7616993188858032,
                0.7429409623146057,
                0.7262898087501526,
                0.7123427391052246,
                0.7036975622177124,
                0.695033073425293,
                0.6876783967018127,
                0.6836357116699219
            ],
            "lr": 0.001547323844858552,
            "name": "1603996478-1adbcd9",
            "num_heads": 16,
            "val_acc": [
                0.6356951594352722,
                0.6423797011375427,
                0.5992646813392639,
                0.6393716335296631,
                0.6290106773376465,
                0.6540775299072266,
                0.6610962748527527,
                0.6667780876159668,
                0.6607620120048523,
                0.6547459959983826
            ],
            "val_loss": [
                0.8188702464103699,
                0.8048467040061951,
                0.8498128056526184,
                0.8047498464584351,
                0.7969178557395935,
                0.7893258929252625,
                0.7813410758972168,
                0.7744467258453369,
                0.7787789702415466,
                0.7826659083366394
            ],
            "value": 0.6469408273696899
        },
        {
            "acc": [
                0.6309292316436768,
                0.6610689759254456,
                0.6775487065315247,
                0.682874858379364,
                0.6890156269073486,
                0.6923366189002991,
                0.7034901976585388,
                0.7059339284896851,
                0.7090043425559998,
                0.7133278846740723,
                0.7121999859809875,
                0.7165862321853638,
                0.7210351228713989,
                0.7221630215644836,
                0.7271758913993835,
                0.7274265289306641,
                0.7263612747192383,
                0.7331286668777466,
                0.7344444990158081,
                0.7385174632072449
            ],
            "embed_dim": 64,
            "ff_dim": 128,
            "hypername": "1604311482-ed78a9a",
            "loss": [
                0.8359250426292419,
                0.7773882150650024,
                0.7529681921005249,
                0.7328613996505737,
                0.7229014039039612,
                0.7095246911048889,
                0.697604238986969,
                0.68568354845047,
                0.6817166805267334,
                0.6745874285697937,
                0.677151620388031,
                0.6685963273048401,
                0.6558601260185242,
                0.6515927314758301,
                0.6425887942314148,
                0.644253134727478,
                0.6407105326652527,
                0.633401095867157,
                0.6292959451675415,
                0.621813178062439
            ],
            "lr": 0.0020437595662520327,
            "name": "1604321366-ed78a9a",
            "num_heads": 4,
            "val_acc": [
                0.6260026693344116,
                0.6407085657119751,
                0.6079545617103577,
                0.6276738047599792,
                0.6447192430496216,
                0.6717914342880249,
                0.6697860956192017,
                0.6701202988624573,
                0.6654411554336548,
                0.6701202988624573,
                0.6597593426704407,
                0.653743326663971,
                0.6747994422912598,
                0.6737967729568481,
                0.6724599003791809,
                0.678810179233551,
                0.6824866533279419,
                0.6707887649536133,
                0.6814839839935303,
                0.678810179233551
            ],
            "val_loss": [
                0.8201032280921936,
                0.7990292906761169,
                0.8156181573867798,
                0.807060956954956,
                0.7847352623939514,
                0.7834683060646057,
                0.7606687545776367,
                0.7673165202140808,
                0.7781553268432617,
                0.7623215317726135,
                0.7769100666046143,
                0.773197591304779,
                0.7767762541770935,
                0.7742854356765747,
                0.7588191032409668,
                0.7515817880630493,
                0.75420743227005,
                0.7521713376045227,
                0.7519548535346985,
                0.776404082775116
            ],
            "value": 0.6298896670341492
        }
    ]
}