{
    "training_result": [
        {
            "acc": [
                0.37846875190734863
            ],
            "embed_dim": 32,
            "ff_dim": 64,
            "hypername": "1611938187-5cb121c",
            "loss": [
                1.1066722869873047
            ],
            "model_evaluate_on_test_acc": 0.12725451588630676,
            "model_evaluate_on_test_loss": 1.1025066375732422,
            "name": "1611938535-db502c9",
            "num_heads": 8,
            "val_acc": [
                0.12725451588630676
            ],
            "val_loss": [
                1.0770049095153809
            ],
            "z-redshift": true
        }
    ]
}
