{
    "training_result": [
        {
            "acc": [
                0.6286734938621521,
                0.6551162600517273,
                0.6710320115089417,
                0.6778620481491089,
                0.688827633857727,
                0.6936525106430054,
                0.7007331252098083,
                0.7001065015792847,
                0.7110721468925476,
                0.7086283564567566
            ],
            "embed_dim": 32,
            "ff_dim": 32,
            "hypername": "1603993968-1adbcd9",
            "loss": [
                0.8389285802841187,
                0.7877681255340576,
                0.7616993188858032,
                0.7429409623146057,
                0.7262898087501526,
                0.7123427391052246,
                0.7036975622177124,
                0.695033073425293,
                0.6876783967018127,
                0.6836357116699219
            ],
            "lr": 0.001547323844858552,
            "name": "1603996478-1adbcd9",
            "num_heads": 16,
            "val_acc": [
                0.6356951594352722,
                0.6423797011375427,
                0.5992646813392639,
                0.6393716335296631,
                0.6290106773376465,
                0.6540775299072266,
                0.6610962748527527,
                0.6667780876159668,
                0.6607620120048523,
                0.6547459959983826
            ],
            "val_loss": [
                0.8188702464103699,
                0.8048467040061951,
                0.8498128056526184,
                0.8047498464584351,
                0.7969178557395935,
                0.7893258929252625,
                0.7813410758972168,
                0.7744467258453369,
                0.7787789702415466,
                0.7826659083366394
            ],
            "value": 0.6469408273696899
        }
    ]
}