{
    "training_result": [
        {
            "acc": [
                0.7839252948760986,
                0.8354280591011047,
                0.8576958179473877
            ],
            "embed_dim": 32,
            "ff_dim": 64,
            "hypername": "1601415144-61e4279",
            "loss": [
                0.598563551902771,
                0.42252492904663086,
                0.35012033581733704
            ],
            "lr": 0.025068014761509952,
            "name": "1601479428-378826b",
            "num_heads": 8,
            "val_acc": [
                0.6701506972312927,
                0.720223605632782,
                0.6018473505973816
            ],
            "val_loss": [
                0.8713304400444031,
                0.865023672580719,
                1.1353552341461182
            ],
            "value": 0.6622806787490845
        },
        {
            "acc": [
                0.7839252948760986,
                0.8354280591011047,
                0.8576958179473877,
                0.8588342666625977,
                0.8613387942314148
            ],
            "embed_dim": 32,
            "ff_dim": 64,
            "hypername": "1601415144-61e4279",
            "loss": [
                0.598563551902771,
                0.42252492904663086,
                0.35012033581733704,
                0.33628222346305847,
                0.33927401900291443
            ],
            "lr": 0.025068014761509952,
            "name": "1601481169-0d14745",
            "num_heads": 8,
            "val_acc": [
                0.6701506972312927,
                0.720223605632782,
                0.6018473505973816,
                0.7241128087043762,
                0.6553232669830322
            ],
            "val_loss": [
                0.8713304400444031,
                0.865023672580719,
                1.1353552341461182,
                1.048450231552124,
                0.8376665711402893
            ],
            "value": 0.8114035129547119
        },
        {
            "acc": [
                0.7839252948760986,
                0.8354280591011047,
                0.8576958179473877,
                0.8588342666625977,
                0.8613387942314148
            ],
            "embed_dim": 32,
            "ff_dim": 64,
            "hypername": "1601415144-61e4279",
            "loss": [
                0.598563551902771,
                0.42252492904663086,
                0.35012033581733704,
                0.33628222346305847,
                0.33927401900291443
            ],
            "lr": 0.025068014761509952,
            "name": "1601481770-0d14745",
            "num_heads": 8,
            "val_acc": [
                0.6701506972312927,
                0.720223605632782,
                0.6018473505973816,
                0.7241128087043762,
                0.6553232669830322
            ],
            "val_loss": [
                0.8713304400444031,
                0.865023672580719,
                1.1353552341461182,
                1.048450231552124,
                0.8376665711402893
            ],
            "value": 0.8114035129547119
        },
        {
            "acc": [
                0.7839252948760986,
                0.8354280591011047
            ],
            "embed_dim": 32,
            "ff_dim": 64,
            "hypername": "1601415144-61e4279",
            "loss": [
                0.598563551902771,
                0.42252492904663086
            ],
            "lr": 0.025068014761509952,
            "name": "1601572110-ed0e3cd",
            "num_heads": 8,
            "val_acc": [
                0.6701506972312927,
                0.720223605632782
            ],
            "val_loss": [
                0.8713304400444031,
                0.865023672580719
            ],
            "value": 0.8304093480110168
        },
        {
            "acc": [
                0.7839252948760986,
                0.8354280591011047
            ],
            "embed_dim": 32,
            "ff_dim": 64,
            "hypername": "1601415144-61e4279",
            "loss": [
                0.598563551902771,
                0.42252492904663086
            ],
            "lr": 0.025068014761509952,
            "name": "1601645906-d87004b",
            "num_heads": 8,
            "val_acc": [
                0.6701506972312927,
                0.720223605632782
            ],
            "val_loss": [
                0.8713304400444031,
                0.865023672580719
            ],
            "value": 0.8304093480110168
        },
        {
            "acc": [
                0.7289617657661438,
                0.8357012867927551,
                0.874544620513916,
                0.8964025378227234,
                0.9106101989746094,
                0.9204007387161255,
                0.9282786846160889,
                0.9353824853897095,
                0.9416666626930237,
                0.9437158703804016,
                0.9489070773124695,
                0.952049195766449,
                0.9537340402603149,
                0.9573315382003784,
                0.9582422375679016,
                0.9608379006385803,
                0.963524580001831,
                0.9632513523101807,
                0.9646174907684326,
                0.9677595496177673,
                0.9670764803886414,
                0.9709016680717468,
                0.9689890742301941,
                0.9712659120559692,
                0.971584677696228,
                0.9710382223129272,
                0.9730418920516968,
                0.9750000238418579,
                0.9746357202529907,
                0.9751821756362915,
                0.9750455617904663,
                0.9762750267982483,
                0.9761384129524231,
                0.9783697724342346,
                0.9778233170509338,
                0.9775956273078918,
                0.977732241153717,
                0.9806921482086182,
                0.9783697724342346,
                0.978643000125885,
                0.980100154876709,
                0.9802823066711426,
                0.9807376861572266,
                0.9804189205169678,
                0.9808743000030518,
                0.9825136661529541,
                0.9822859764099121,
                0.9816029071807861,
                0.9824681282043457,
                0.983879804611206
            ],
            "embed_dim": 128,
            "ff_dim": 512,
            "hypername": "1602145674-307827d",