{
    "training_result": [
        {
            "embed_dim": 32,
            "ff_dim": 64,
            "hypername": "1601415144-61e4279",
            "lr": 0.025068014761509952,
            "name": "1601458050-be3614d",
            "num_heads": 8,
            "value": 0.8304093480110168
        }
    ]
}
