{
    "training_result": [
        {
            "acc": [
                0.7839252948760986,
                0.8354280591011047,
                0.8576958179473877
            ],
            "embed_dim": 32,
            "ff_dim": 64,
            "hypername": "1601415144-61e4279",
            "loss": [
                0.598563551902771,
                0.42252492904663086,
                0.35012033581733704
            ],
            "lr": 0.025068014761509952,
            "name": "1601479428-378826b",
            "num_heads": 8,
            "val_acc": [
                0.6701506972312927,
                0.720223605632782,
                0.6018473505973816
            ],
            "val_loss": [
                0.8713304400444031,
                0.865023672580719,
                1.1353552341461182
            ],
            "value": 0.6622806787490845
        },
        {
            "acc": [
                0.7839252948760986,
                0.8354280591011047,
                0.8576958179473877,
                0.8588342666625977,
                0.8613387942314148
            ],
            "embed_dim": 32,
            "ff_dim": 64,
            "hypername": "1601415144-61e4279",
            "loss": [
                0.598563551902771,
                0.42252492904663086,
                0.35012033581733704,
                0.33628222346305847,
                0.33927401900291443
            ],
            "lr": 0.025068014761509952,
            "name": "1601481169-0d14745",
            "num_heads": 8,
            "val_acc": [
                0.6701506972312927,
                0.720223605632782,
                0.6018473505973816,
                0.7241128087043762,
                0.6553232669830322
            ],
            "val_loss": [
                0.8713304400444031,
                0.865023672580719,
                1.1353552341461182,
                1.048450231552124,
                0.8376665711402893
            ],
            "value": 0.8114035129547119
        },
        {
            "acc": [
                0.7839252948760986,
                0.8354280591011047,
                0.8576958179473877,
                0.8588342666625977,
                0.8613387942314148
            ],
            "embed_dim": 32,
            "ff_dim": 64,
            "hypername": "1601415144-61e4279",
            "loss": [
                0.598563551902771,
                0.42252492904663086,
                0.35012033581733704,
                0.33628222346305847,
                0.33927401900291443
            ],
            "lr": 0.025068014761509952,
            "name": "1601481770-0d14745",
            "num_heads": 8,
            "val_acc": [
                0.6701506972312927,
                0.720223605632782,
                0.6018473505973816,
                0.7241128087043762,
                0.6553232669830322
            ],
            "val_loss": [
                0.8713304400444031,
                0.865023672580719,
                1.1353552341461182,
                1.048450231552124,
                0.8376665711402893
            ],
            "value": 0.8114035129547119
        },
        {
            "acc": [
                0.7839252948760986,
                0.8354280591011047
            ],
            "embed_dim": 32,
            "ff_dim": 64,
            "hypername": "1601415144-61e4279",
            "loss": [
                0.598563551902771,
                0.42252492904663086
            ],
            "lr": 0.025068014761509952,
            "name": "1601572110-ed0e3cd",
            "num_heads": 8,
            "val_acc": [
                0.6701506972312927,
                0.720223605632782
            ],
            "val_loss": [
                0.8713304400444031,
                0.865023672580719
            ],
            "value": 0.8304093480110168
        }
    ]
}