{
    "training_result": [
        {
            "embed_dim": 32,
            "ff_dim": 64,
            "hypername": "1601415144-61e4279",
            "lr": 0.025068014761509952,
            "name": "1601422759-68fcd4d",
            "num_heads": 8,
            "value": 0.8304093480110168
        },
        {
            "embed_dim": 32,
            "ff_dim": 64,
            "hypername": "1601415144-61e4279",
            "lr": 0.025068014761509952,
            "name": "1601423099-68fcd4d",
            "num_heads": 8,
            "value": 0.8304093480110168
        },
        {
            "embed_dim": 32,
            "ff_dim": 64,
            "hypername": "1601415144-61e4279",
            "lr": 0.025068014761509952,
            "name": "1601423372-68fcd4d",
            "num_heads": 8,
            "value": 0.8304093480110168
        },
        {
            "embed_dim": 32,
            "ff_dim": 64,
            "hypername": "1601415144-61e4279",
            "lr": 0.025068014761509952,
            "name": "1601426331-bbb8c9b",
            "num_heads": 8,
            "value": 0.8304093480110168
        }
    ]
}
