{
    "training_result": [
        {
            "acc": [
                0.29740437865257263,
                0.44890710711479187,
                0.5267759561538696,
                0.5791894197463989,
                0.6220856308937073,
                0.6454917788505554,
                0.6767759323120117,
                0.6896175146102905,
                0.7042349576950073,
                0.7204007506370544,
                0.7335155010223389,
                0.7431238889694214,
                0.7524134516716003,
                0.7581056356430054,
                0.7641165852546692,
                0.7695355415344238,
                0.771356999874115,
                0.7725409865379333,
                0.7752276659011841,
                0.7816029191017151
            ],
            "embed_dim": 32,
            "ff_dim": 32,
            "hypername": "1604311443-ed78a9a",
            "loss": [
                1.6898634433746338,
                1.4158166646957397,
                1.2718818187713623,
                1.1889185905456543,
                1.122730016708374,
                1.0648672580718994,
                1.0081093311309814,
                0.9602562189102173,
                0.9148157238960266,
                0.8775912523269653,
                0.8385411500930786,
                0.8051744699478149,
                0.779496431350708,
                0.7524251937866211,
                0.7325217723846436,
                0.7048816084861755,
                0.6914145946502686,
                0.6745960116386414,
                0.6592068076133728,
                0.6438271403312683
            ],
            "lr": 1.3481696845335685e-05,
            "name": "1604393624-1ce26e5",
            "num_heads": 16,
            "val_acc": [
                0.5320855379104614,
                0.5789985656738281,
                0.5999027490615845,
                0.6176470518112183,
                0.6358774900436401,
                0.6832765936851501,
                0.720223605632782,
                0.750121533870697,
                0.7698103785514832,
                0.7744287848472595,
                0.7773456573486328,
                0.7863393425941467,
                0.7902284860610962,
                0.7926592230796814,
                0.7938745617866516,
                0.7919300198554993,
                0.7902284860610962,
                0.7856101393699646,
                0.7882838845252991,
                0.7807486653327942
            ],
            "val_loss": [
                1.3676342964172363,
                1.248447299003601,
                1.1858172416687012,
                1.1301072835922241,
                1.0729151964187622,
                1.0216487646102905,
                0.9647762179374695,
                0.9153015613555908,
                0.8762003183364868,
                0.8451730608940125,
                0.8198078274726868,
                0.8007099628448486,
                0.7799047827720642,
                0.7695591449737549,
                0.7595090270042419,
                0.753003716468811,
                0.7532598376274109,
                0.7472429275512695,
                0.7349653244018555,
                0.7362405061721802
            ],
            "value": 0.7865496873855591
        },
        {
            "acc": [
                0.3267304301261902,
                0.5068305730819702,
                0.5851548314094543,
                0.6277322173118591,
                0.6712204217910767,
                0.6969490051269531,
                0.7197176814079285,
                0.7372495532035828,
                0.7468124032020569,
                0.7584244012832642,
                0.7709471583366394,
                0.7736794352531433,
                0.7798269391059875,
                0.7814207673072815,
                0.7877960205078125,
                0.7882513403892517,
                0.7941712141036987,
                0.7998633980751038,
                0.8048725128173828,
                0.8053278923034668
            ],
            "embed_dim": 32,
            "ff_dim": 32,
            "hypername": "1604504553-ce99b25",
            "loss": [
                1.6236976385116577,
                1.3148446083068848,
                1.1777770519256592,
                1.0916310548782349,
                1.010589599609375,
                0.9310959577560425,
                0.8763846158981323,
                0.8265582919120789,
                0.7794989347457886,
                0.7433115243911743,
                0.7061606645584106,
                0.6728745698928833,
                0.6488255262374878,
                0.6261510252952576,
                0.6065450310707092,
                0.5952513217926025,
                0.5705509185791016,
                0.5589130520820618,
                0.5519241690635681,
                0.540075957775116
            ],
            "lr": 0.00010192865193970856,
            "name": "1604506638-ce99b25",
            "num_heads": 8,
            "val_acc": [
                0.5285540819168091,
                0.5917375683784485,
                0.629404604434967,
                0.6816524863243103,
                0.7351154088973999,
                0.7727825045585632,
                0.7776427865028381,
                0.7934386134147644,
                0.7910085320472717,
                0.7934386134147644,
                0.7873632907867432,
                0.7910085320472717,
                0.7837181091308594,
                0.7557715773582458,
                0.7071688771247864,
                0.6719319820404053,
                0.6986634135246277,
                0.6524909138679504,
                0.6476306319236755,
                0.6415553092956543
            ],
            "val_loss": [
                1.3024238348007202,
                1.1966559886932373,
                1.1028635501861572,
                1.028889536857605,
                0.9422099590301514,
                0.8832784295082092,
                0.8256678581237793,
                0.7898392677307129,
                0.7733308672904968,
                0.7576330900192261,
                0.7386264801025391,
                0.7083106637001038,
                0.7106144428253174,
                0.7411640882492065,
                0.7628659009933472,
                0.7821312546730042,
                0.7701525688171387,
                0.7907611131668091,
                0.7943512201309204,
                0.8134629726409912
            ],
            "value": 0.7919707894325256
        }
    ]
}