{
    "training_result": [
        {
            "acc": [
                0.29740437865257263,
                0.44890710711479187,
                0.5267759561538696,
                0.5791894197463989,
                0.6220856308937073,
                0.6454917788505554,
                0.6767759323120117,
                0.6896175146102905,
                0.7042349576950073,
                0.7204007506370544,
                0.7335155010223389,
                0.7431238889694214,
                0.7524134516716003,
                0.7581056356430054,
                0.7641165852546692,
                0.7695355415344238,
                0.771356999874115,
                0.7725409865379333,
                0.7752276659011841,
                0.7816029191017151
            ],
            "embed_dim": 32,
            "ff_dim": 32,
            "hypername": "1604311443-ed78a9a",
            "loss": [
                1.6898634433746338,
                1.4158166646957397,
                1.2718818187713623,
                1.1889185905456543,
                1.122730016708374,
                1.0648672580718994,
                1.0081093311309814,
                0.9602562189102173,
                0.9148157238960266,
                0.8775912523269653,
                0.8385411500930786,
                0.8051744699478149,
                0.779496431350708,
                0.7524251937866211,
                0.7325217723846436,
                0.7048816084861755,
                0.6914145946502686,
                0.6745960116386414,
                0.6592068076133728,
                0.6438271403312683
            ],
            "lr": 1.3481696845335685e-05,
            "name": "1604393624-1ce26e5",
            "num_heads": 16,
            "val_acc": [
                0.5320855379104614,
                0.5789985656738281,
                0.5999027490615845,
                0.6176470518112183,
                0.6358774900436401,
                0.6832765936851501,
                0.720223605632782,
                0.750121533870697,
                0.7698103785514832,
                0.7744287848472595,
                0.7773456573486328,
                0.7863393425941467,
                0.7902284860610962,
                0.7926592230796814,
                0.7938745617866516,
                0.7919300198554993,
                0.7902284860610962,
                0.7856101393699646,
                0.7882838845252991,
                0.7807486653327942
            ],
            "val_loss": [
                1.3676342964172363,
                1.248447299003601,
                1.1858172416687012,
                1.1301072835922241,
                1.0729151964187622,
                1.0216487646102905,
                0.9647762179374695,
                0.9153015613555908,
                0.8762003183364868,
                0.8451730608940125,
                0.8198078274726868,
                0.8007099628448486,
                0.7799047827720642,
                0.7695591449737549,
                0.7595090270042419,
                0.753003716468811,
                0.7532598376274109,
                0.7472429275512695,
                0.7349653244018555,
                0.7362405061721802
            ],
            "value": 0.7865496873855591
        }
    ]
}