{
    "optuna_result": [
        {
            "lr": 0.05713554883124561,
            "name": "1611243664-2334091",
            "objective_score": 0.938190472126007
        }
    ]
}