{
    "training_result": [
        {
            "acc": [
                0.6785714030265808,
                1.0,
                0.9642857313156128,
                0.75,
                0.8571428656578064,
                0.2857142984867096,
                0.8571428656578064,
                1.0,
                1.0,
                1.0,
                1.0,
                1.0
            ],
            "hypername": "1611096760-41e3934",
            "loss": [
                0.7126640677452087,
                6.585849041584879e-05,
                0.4253692030906677,
                1.7978578805923462,
                2.013688325881958,
                1.1190701723098755,
                0.6745890378952026,
                0.0018421529093757272,
                0.0012562094489112496,
                0.0009649987332522869,
                0.0007497023907490075,
                0.0005904776626266539
            ],
            "model_evaluate_on_test_acc": 0.25,
            "model_evaluate_on_test_loss": 12.088571548461914,
            "name": "1611099025-049ac37",
            "val_acc": [
                0.25,
                0.25,
                0.25,
                0.25,
                0.25,
                0.25,
                0.25,
                0.25,
                0.25,
                0.25,
                0.25,
                0.25
            ],
            "val_loss": [
                12.088571548461914,
                12.088571548461914,
                12.088571548461914,
                12.088571548461914,
                12.088571548461914,
                12.088571548461914,
                12.088571548461914,
                12.088571548461914,
                12.088571548461914,
                12.088571548461914,
                12.088571548461914,
                12.088571548461914
            ]
        }
    ]
}