{
    "training_result": [
        {
            "acc": [
                0.6785714030265808,
                1.0,
                0.9642857313156128,
                0.75,
                0.8571428656578064,
                0.2857142984867096,
                0.8571428656578064,
                1.0,
                1.0,
                1.0,
                1.0,
                1.0
            ],
            "hypername": "1611096760-41e3934",
            "loss": [
                0.7126640677452087,
                6.585849041584879e-05,
                0.4253692030906677,
                1.7978578805923462,
                2.013688325881958,
                1.1190701723098755,
                0.6745890378952026,
                0.0018421529093757272,
                0.0012562094489112496,
                0.0009649987332522869,
                0.0007497023907490075,
                0.0005904776626266539
            ],
            "model_evaluate_on_test_acc": 0.25,
            "model_evaluate_on_test_loss": 12.088571548461914,
            "name": "1611099025-049ac37",
            "val_acc": [
                0.25,
                0.25,
                0.25,
                0.25,
                0.25,
                0.25,
                0.25,
                0.25,
                0.25,
                0.25,
                0.25,
                0.25
            ],
            "val_loss": [
                12.088571548461914,
                12.088571548461914,
                12.088571548461914,
                12.088571548461914,
                12.088571548461914,
                12.088571548461914,
                12.088571548461914,
                12.088571548461914,
                12.088571548461914,
                12.088571548461914,
                12.088571548461914,
                12.088571548461914
            ]
        },
        {
            "acc": [
                0.6785714030265808,
                1.0,
                0.9642857313156128,
                0.75,
                0.8571428656578064,
                0.8571428656578064,
                1.0,
                1.0,
                1.0,
                1.0,
                1.0,
                1.0,
                1.0,
                1.0,
                1.0,
                1.0,
                1.0,
                1.0,
                1.0,
                1.0,
                1.0,
                1.0,
                1.0,
                1.0,
                1.0,
                1.0,
                1.0,
                1.0,
                1.0,
                1.0,
                1.0,
                1.0,
                1.0,
                1.0,
                1.0,
                1.0,
                1.0,
                1.0,
                1.0,
                1.0,
                1.0,
                1.0,
                1.0,
                1.0,
                1.0,
                1.0,
                1.0,
                1.0,
                1.0,
                1.0,
                1.0
            ],
            "hypername": "1611096760-41e3934",
            "loss": [
                0.7126641273498535,
                5.548306944547221e-05,
                0.30028146505355835,
                1.8620463609695435,
                0.9818328619003296,
                0.8397052884101868,
                0.1279541403055191,
                0.004738090094178915,
                0.004063801374286413,
                0.003477229503914714,
                0.002972933929413557,
                0.002546862931922078,
                0.0021916779223829508,
                0.0018983690533787012,
                0.0016577186761423945,
                0.0014607792254537344,
                0.0012992871925234795,
                0.001285081496462226,
                0.0012716263299807906,
                0.0012588176177814603,
                0.001246586674824357,
                0.0012348865857347846,
                0.001223662169650197,
                0.001212868606671691,
                0.0012024522293359041,
                0.0011923901038244367,
                0.0011913881171494722,
                0.0011904394486919045,
                0.0011894928757101297,
                0.001188567723147571,
                0.0011876467615365982,
                0.0011867491994053125,
                0.0011858410434797406,
                0.001184966997243464,
                0.0011840928345918655,
                0.00118400773499161,
                0.0011839139042422175,
                0.0011838179780170321,
                0.0011837348574772477,
                0.001183643122203648,
                0.0011835641926154494,
                0.0011834704782813787,
                0.0011833851458504796,
                0.0011832956224679947,
                0.0011832936434075236,
                0.0011832764139398932,
                0.0011832743184641004,
                0.0011832722229883075,
                0.001183253014460206,
                0.0011832466116175056,
                0.0011832381132990122
            ],
            "model_evaluate_on_test_acc": 0.25,
            "model_evaluate_on_test_loss": 12.088571548461914,
            "name": "1611446440-84ab4bf",
            "val_acc": [
                0.25,
                0.25,
                0.25,
                0.25,
                0.25,
                0.25,
                0.25,
                0.25,
                0.25,
                0.25,
                0.25,
                0.25,
                0.25,
                0.25,
                0.25,
                0.25,
                0.25,
                0.25,
                0.25,
                0.25,
                0.25,
                0.25,
                0.25,
                0.25,
                0.25,
                0.25,
                0.25,
                0.25,
                0.25,
                0.25,
                0.25,
                0.25,
                0.25,
                0.25,
                0.25,
                0.25,
                0.25,
                0.25,
                0.25,
                0.25,
                0.25,
                0.25,
                0.25,
                0.25,
                0.25,
                0.25,
                0.25,
                0.25,
                0.25,
                0.25,
                0.25
            ],