{
    "training_result": [
        {
            "acc": [
                0.5517241358757019,
                0.7586206793785095,
                0.4482758641242981,
                0.7586206793785095,
                0.7241379022598267,
                0.8620689511299133,
                0.6551724076271057,
                0.9655172228813171,
                1.0,
                1.0,
                1.0,
                1.0,
                1.0,
                1.0,
                1.0,
                1.0,
                1.0,
                1.0,
                1.0
            ],
            "hypername": "1611096755-41e3934",
            "loss": [
                0.708939254283905,
                1.1067140102386475,
                6.325342178344727,
                3.9341928958892822,
                3.964224100112915,
                1.7612231969833374,
                1.7415854930877686,
                0.24243797361850739,
                1.2126461967909563e-07,
                1.1920928955078125e-07,
                1.1920928955078125e-07,
                1.1920928955078125e-07,
                1.1920928955078125e-07,
                1.1920928955078125e-07,
                1.1920928955078125e-07,
                1.1920928955078125e-07,
                1.1920928955078125e-07,
                1.1920928955078125e-07,
                1.1920928955078125e-07
            ],
            "model_evaluate_on_test_acc": 0.7241379022598267,
            "model_evaluate_on_test_loss": 4.446371078491211,
            "name": "1611097720-049ac37",
            "val_acc": [
                0.5862069129943848,
                0.5517241358757019,
                0.6551724076271057,
                0.7241379022598267,
                0.7241379022598267,
                0.7241379022598267,
                0.7241379022598267,
                0.7241379022598267,
                0.7241379022598267,
                0.7241379022598267,
                0.7241379022598267,
                0.7241379022598267,
                0.7241379022598267,
                0.7241379022598267,
                0.7241379022598267,
                0.7241379022598267,
                0.7241379022598267,
                0.7241379022598267,
                0.7241379022598267
            ],
            "val_loss": [
                0.9883265495300293,
                7.225353240966797,
                5.557969570159912,
                4.446371078491211,
                4.446371078491211,
                4.446371078491211,
                4.446371078491211,
                4.446371078491211,
                4.446371078491211,
                4.446371078491211,
                4.446371078491211,
                4.446371078491211,
                4.446371078491211,
                4.446371078491211,
                4.360170364379883,
                4.334531784057617,
                4.282352447509766,
                4.225476264953613,
                4.179038047790527
            ]
        },
        {
            "acc": [
                0.5517241358757019,
                0.7241379022598267,
                0.48275861144065857,
                0.7586206793785095,
                1.0,
                1.0,
                0.9655172228813171,
                0.9655172228813171,
                0.8620689511299133,
                1.0,
                1.0,
                0.9655172228813171,
                1.0,
                1.0,
                1.0,
                1.0,
                1.0,
                1.0,
                1.0,
                1.0,
                1.0,
                1.0,
                1.0,
                1.0,
                1.0,
                1.0,
                1.0,
                1.0,
                1.0,
                1.0,
                1.0,
                1.0,
                1.0,
                1.0,
                1.0,
                1.0,
                1.0,
                1.0,
                1.0,
                1.0,
                1.0,
                1.0,
                1.0,
                1.0,
                1.0,
                1.0,
                1.0,
                1.0,
                1.0,
                1.0,
                1.0
            ],
            "hypername": "1611406988-84ab4bf",
            "loss": [
                0.708939254283905,
                1.2444316148757935,
                7.088736534118652,
                2.9573357105255127,
                0.00014064197603147477,
                0.022033952176570892,
                0.5573691129684448,
                0.27800872921943665,
                2.020519733428955,
                2.4047406554927875e-07,
                2.314373887202237e-06,
                0.1470431238412857,
                1.7470330249125254e-07,
                1.1920928955078125e-07,
                1.1920928955078125e-07,
                1.1920928955078125e-07,
                1.1920928955078125e-07,
                1.1920928955078125e-07,
                1.1920928955078125e-07,
                1.1920928955078125e-07,
                1.1920928955078125e-07,
                1.1920928955078125e-07,
                1.1920928955078125e-07,
                1.1920928955078125e-07,
                1.1920928955078125e-07,
                1.1920928955078125e-07,
                1.1920928955078125e-07,
                1.1920928955078125e-07,
                1.1920928955078125e-07,
                1.1920928955078125e-07,
                1.1920928955078125e-07,
                1.1920928955078125e-07,
                1.1920928955078125e-07,
                1.1920928955078125e-07,
                1.1920928955078125e-07,
                1.1920928955078125e-07,
                1.1920928955078125e-07,
                1.1920928955078125e-07,
                1.1920928955078125e-07,
                1.1920928955078125e-07,
                1.1920928955078125e-07,
                1.1920928955078125e-07,
                1.1920928955078125e-07,
                1.1920928955078125e-07,
                1.1920928955078125e-07,
                1.1920928955078125e-07,
                1.1920928955078125e-07,
                1.1920928955078125e-07,
                1.1920928955078125e-07,
                1.1920928955078125e-07,
                1.1920928955078125e-07
            ],
            "model_evaluate_on_test_acc": 0.5862069129943848,
            "model_evaluate_on_test_loss": 1.8873438835144043,
            "name": "1611407973-84ab4bf",