{
    "training_result": [
        {
            "acc": [
                0.5517241358757019,
                0.7586206793785095,
                0.4482758641242981,
                0.7586206793785095,
                0.7241379022598267,
                0.8620689511299133,
                0.6551724076271057,
                0.9655172228813171,
                1.0,
                1.0,
                1.0,
                1.0,
                1.0,
                1.0,
                1.0,
                1.0,
                1.0,
                1.0,
                1.0
            ],
            "hypername": "1611096755-41e3934",
            "loss": [
                0.708939254283905,
                1.1067140102386475,
                6.325342178344727,
                3.9341928958892822,
                3.964224100112915,
                1.7612231969833374,
                1.7415854930877686,
                0.24243797361850739,
                1.2126461967909563e-07,
                1.1920928955078125e-07,
                1.1920928955078125e-07,
                1.1920928955078125e-07,
                1.1920928955078125e-07,
                1.1920928955078125e-07,
                1.1920928955078125e-07,
                1.1920928955078125e-07,
                1.1920928955078125e-07,
                1.1920928955078125e-07,
                1.1920928955078125e-07
            ],
            "model_evaluate_on_test_acc": 0.7241379022598267,
            "model_evaluate_on_test_loss": 4.446371078491211,
            "name": "1611097720-049ac37",
            "val_acc": [
                0.5862069129943848,
                0.5517241358757019,
                0.6551724076271057,
                0.7241379022598267,
                0.7241379022598267,
                0.7241379022598267,
                0.7241379022598267,
                0.7241379022598267,
                0.7241379022598267,
                0.7241379022598267,
                0.7241379022598267,
                0.7241379022598267,
                0.7241379022598267,
                0.7241379022598267,
                0.7241379022598267,
                0.7241379022598267,
                0.7241379022598267,
                0.7241379022598267,
                0.7241379022598267
            ],
            "val_loss": [
                0.9883265495300293,
                7.225353240966797,
                5.557969570159912,
                4.446371078491211,
                4.446371078491211,
                4.446371078491211,
                4.446371078491211,
                4.446371078491211,
                4.446371078491211,
                4.446371078491211,
                4.446371078491211,
                4.446371078491211,
                4.446371078491211,
                4.446371078491211,
                4.360170364379883,
                4.334531784057617,
                4.282352447509766,
                4.225476264953613,
                4.179038047790527
            ]
        }
    ]
}