{
    "training_result": [
        {
            "acc": [
                0.0001
            ],
            "hypername": "1611087236-87b2e49",
            "loss": [
                0.99999
            ],
            "model_evaluate_on_test_acc": 0.0001,
            "model_evaluate_on_test_loss": 0.99999,
            "name": "1611087621-87b2e49",
            "val_acc": [
                0.0001
            ],
            "val_loss": [
                0.99999
            ]
        },
        {
            "acc": [
                0.43378788232803345,
                0.7193939685821533,
                0.8915151357650757,
                0.9395454525947571,
                0.95333331823349,
                0.9586363434791565,
                0.9648484587669373,
                0.9739394187927246,
                0.9709091186523438,
                0.9692424535751343,
                0.9703030586242676,
                0.9745454788208008,
                0.978939414024353,
                0.971818208694458,
                0.9803030490875244,
                0.9831818342208862,
                0.9796969890594482,
                0.9875757694244385,
                0.982424259185791,
                0.9821212291717529,
                0.9840909242630005,
                0.9865151643753052,
                0.9884848594665527,
                0.9819697141647339,
                0.9887878894805908,
                0.9875757694244385,
                0.9906060695648193,
                0.9913636445999146,
                0.9906060695648193,
                0.989393949508667,
                0.9890909194946289,
                0.9942424297332764,
                0.9884848594665527,
                0.9910606145858765,
                0.9919697046279907,
                0.9940909147262573,
                0.993030309677124,
                0.9937878847122192,
                0.9889394044876099,
                0.9910606145858765,
                0.9943939447402954,
                0.9977272748947144,
                0.9990909099578857,
                0.9992424249649048,
                0.9992424249649048,
                0.9992424249649048,
                0.999848484992981,
                0.9990909099578857,
                0.9992424249649048,
                1.0,
                0.9996969699859619,
                0.9995454549789429,
                0.9990909099578857,
                0.9995454549789429,
                0.999848484992981,
                0.9996969699859619,
                1.0,
                1.0,
                0.9996969699859619,
                1.0,
                0.999848484992981,
                0.999848484992981,
                0.999848484992981,
                0.9996969699859619,
                0.9996969699859619,
                1.0,
                0.9996969699859619,
                0.9996969699859619,
                0.999848484992981,
                0.999848484992981,
                0.9996969699859619,
                1.0,
                0.999848484992981,
                1.0,
                1.0,
                1.0,
                1.0
            ],
            "hypername": "1611271958-0b0d4b0",
            "loss": [
                2.461768865585327,
                1.534484624862671,
                0.3989750146865845,
                0.1876685917377472,
                0.15119560062885284,
                0.12699022889137268,
                0.11211525648832321,
                0.08482908457517624,
                0.09043287485837936,
                0.0943441241979599,
                0.09420005977153778,
                0.08087985217571259,
                0.0608198419213295,
                0.08796268701553345,
                0.06389830261468887,
                0.05714333802461624,
                0.0608895868062973,
                0.04177571460604668,
                0.05582788959145546,
                0.05477069690823555,
                0.05352409556508064,
                0.045089609920978546,
                0.03830994293093681,
                0.06143930181860924,
                0.03625060245394707,
                0.040705472230911255,
                0.031454432755708694,
                0.02629927732050419,
                0.033080678433179855,
                0.03846307098865509,
                0.03938880190253258,
                0.01771363988518715,
                0.04256574064493179,
                0.0320960097014904,
                0.027534514665603638,
                0.015780828893184662,
                0.025163179263472557,
                0.021757978945970535,
                0.036162119358778,
                0.027037961408495903,
                0.022992409765720367,
                0.007694294676184654,
                0.0038667446933686733,
                0.002045606728643179,
                0.0024936890695244074,
                0.0019902954809367657,
                0.0015088266227394342,
                0.002486910205334425,
                0.00162958272267133,
                0.000419540680013597,
                0.0013648065505549312,
                0.001234085881151259,
                0.002426824765279889,
                0.0014923529233783484,
                0.0005493696662597358,
                0.000747653772123158,
                0.00030643452191725373,
                0.0003132492129225284,
                0.0008615890983492136,
                0.00025560331414453685,
                0.00029857474146410823,
                0.0004008163814432919,
                0.0006735757342539728,
                0.0006043334724381566,
                0.0010374789126217365,
                0.00021295050100889057,
                0.0013043016660958529,
                0.0005117763066664338,
                0.0005667656660079956,
                0.0004730969958472997,
                0.000613546057138592,
                0.00020542358106467873,
                0.0007994471816346049,
                0.0001627720339456573,
                0.00020069732272531837,
                0.00022644695127382874,
                0.00014210872177500278
            ],
            "model_evaluate_on_test_acc": 0.9795454740524292,
            "model_evaluate_on_test_loss": 0.10229962319135666,
            "name": "1611368226-2a63eb4",