{
    "training_result": [
        {
            "acc": [
                0.7633873224258423,
                0.7795765995979309,
                0.7795765995979309,
                0.7795765995979309,
                0.7795765995979309,
                0.7795765995979309,
                0.7795765995979309,
                0.7795765995979309,
                0.7795765995979309,
                0.7795765995979309,
                0.7795765995979309,
                0.7795765995979309,
                0.8019925355911255,
                0.7957658767700195,
                0.8156911730766296,
                0.830635130405426,
                0.8343710899353027,
                0.7970111966133118,
                0.7795765995979309,
                0.7795765995979309
            ],
            "embed_dim": 32,
            "ff_dim": 512,
            "hypername": "1610386112-1d1776c",
            "loss": [
                0.6037078499794006,
                0.5480411052703857,
                0.5459604263305664,
                0.5302869081497192,
                0.530475378036499,
                0.5278325080871582,
                0.5279739499092102,
                0.5293317437171936,
                0.5274396538734436,
                0.5274546146392822,
                0.5273762345314026,
                0.5059147477149963,
                0.4639059007167816,
                0.4615892469882965,
                0.43938329815864563,
                0.42500394582748413,
                0.4290445148944855,
                0.49637892842292786,
                0.5319787263870239,
                0.5299564599990845
            ],
            "model_evaluate_on_test_acc": 0.779026210308075,
            "model_evaluate_on_test_loss": 0.5281868577003479,
            "name": "1610484969-3351af1",
            "num_heads": 8,
            "val_acc": [
                0.779026210308075,
                0.779026210308075,
                0.779026210308075,
                0.779026210308075,
                0.779026210308075,
                0.779026210308075,
                0.779026210308075,
                0.779026210308075,
                0.779026210308075,
                0.779026210308075,
                0.779026210308075,
                0.779026210308075,
                0.8220973610877991,
                0.7752808928489685,
                0.8483145833015442,
                0.8501872420310974,
                0.779026210308075,
                0.779026210308075,
                0.779026210308075,
                0.779026210308075
            ],
            "val_loss": [
                0.5285494923591614,
                0.5368958115577698,
                0.5285067558288574,
                0.5283023118972778,
                0.5285230875015259,
                0.5280356407165527,
                0.5279889106750488,
                0.5278120040893555,
                0.5278289914131165,
                0.5271832942962646,
                0.5238928198814392,
                0.46444976329803467,
                0.43020376563072205,
                0.45144161581993103,
                0.40963634848594666,
                0.3917931616306305,
                0.4097052812576294,
                0.5305317640304565,
                0.529327392578125,
                0.5281868577003479
            ]
        },
        {
            "acc": [
                0.7633873224258423,
                0.7795765995979309,
                0.7795765995979309,
                0.7795765995979309,
                0.7795765995979309,
                0.7795765995979309
            ],
            "embed_dim": 32,
            "ff_dim": 512,
            "hypername": "1610386112-1d1776c",
            "loss": [
                0.6037078499794006,
                0.5480411052703857,
                0.5459604263305664,
                0.5302869081497192,
                0.530475378036499,
                0.5278325080871582
            ],
            "model_evaluate_on_test_acc": 0.779026210308075,
            "model_evaluate_on_test_loss": 0.5285494923591614,
            "name": "1610832676-42ec314",
            "num_heads": 8,
            "val_acc": [
                0.779026210308075,
                0.779026210308075,
                0.779026210308075,
                0.779026210308075,
                0.779026210308075,
                0.779026210308075
            ],
            "val_loss": [
                0.5285494923591614,
                0.5368958115577698,
                0.5285067558288574,
                0.5283023118972778,
                0.5285230875015259,
                0.5280356407165527
            ]
        }
    ]
}