{
    "optuna_result": [
        {
            "augmented": null,
            "avocado": null,
            "kernel_size": 3,
            "lr": 0.022388362104093597,
            "name": "1611096752-41e3934",
            "objective_score": 2.627472686767578,
            "pool_size": 3,
            "scaledown_factor": 1,
            "testset": null,
            "z-redshift": null
        },
        {
            "augmented": null,
            "avocado": null,
            "kernel_size": 96,
            "lr": 0.019327664439621403,
            "name": "1611406994-84ab4bf",
            "objective_score": 2.064278769493103,
            "pool_size": 96,
            "scaledown_factor": 1,
            "testset": null,
            "z-redshift": null
        },
        {
            "augmented": null,
            "avocado": null,
            "kernel_size": 48,
            "lr": 0.013685369028257486,
            "name": "1644493174-0.3.1.dev10+g936df1b",
            "objective_score": 0.7285279870033264,
            "pool_size": 16,
            "scaledown_factor": 4,
            "testset": null,
            "z-redshift": null
        }
    ]
}
