{
    "optuna_result": [
        {
            "lr": 0.010978098032311524,
            "name": "1611087236-87b2e49",
            "objective_score": 3.6688515901565553
        }
    ]
}