{
    "optuna_result": [
        {
            "embed_dim": 32,
            "ff_dim": 32,
            "lr": 1.3481696845335685e-05,
            "name": "1604311443-ed78a9a",
            "num_heads": 16,
            "value": 0.7744287848472595
        },
        {
            "embed_dim": 32,
            "ff_dim": 32,
            "lr": 0.00010192865193970856,
            "name": "1604504553-ce99b25",
            "num_heads": 8,
            "value": 0.7934386134147644
        }
    ]
}