{
    "optuna_result": [
        {
            "embed_dim": 32,
            "ff_dim": 32,
            "lr": 1.3481696845335685e-05,
            "name": "1604311443-ed78a9a",
            "num_heads": 16,
            "objective_score": -0.7744287848472595
        },
        {
            "embed_dim": 32,
            "ff_dim": 32,
            "lr": 0.00010192865193970856,
            "name": "1604504553-ce99b25",
            "num_heads": 8,
            "objective_score": -0.7934386134147644
        },
        {
            "embed_dim": 64,
            "ff_dim": 32,
            "lr": 0.0002113115387509153,
            "name": "1607020011-f305c32",
            "num_heads": 8,
            "objective_score": -0.6852129101753235
        },
        {
            "embed_dim": 32,
            "ff_dim": 64,
            "lr": 0.010049281093552865,
            "name": "1611061944-1405947",
            "num_heads": 8,
            "objective_score": 0.261780834197998
        }
    ]
}