{
    "optuna_result": [
        {
            "lr": 0.015528542452391608,
            "name": "1611096989-049ac37",
            "objective_score": 0.04863549768924713
        }
    ]
}