{
    "training_result": [
        {
            "acc": [
                0.19629628956317902,
                0.2925925850868225,
                0.4888888895511627,
                0.5333333611488342,
                0.5814814567565918,
                0.5518518686294556,
                0.6629629731178284,
                0.644444465637207,
                0.6407407522201538,
                0.6888889074325562,
                0.6333333253860474,
                0.7481481432914734,
                0.6962962746620178,
                0.6925926208496094,
                0.5111111402511597,
                0.6407407522201538,
                0.7111111283302307,
                0.7370370626449585,
                0.7888888716697693,
                0.7777777910232544,
                0.7962962985038757,
                0.8259259462356567
            ],
            "hypername": "1611096752-41e3934",
            "loss": [
                7.8551249504089355,
                4.595096111297607,
                1.761100172996521,
                1.4048711061477661,
                1.4819742441177368,
                1.4623801708221436,
                1.0902880430221558,
                1.5642067193984985,
                1.3073172569274902,
                1.0218582153320312,
                1.0161312818527222,
                0.8439165949821472,
                0.9748895764350891,
                1.150269627571106,
                2.2386906147003174,
                1.981735348701477,
                1.827111840248108,
                1.6555678844451904,
                1.5416898727416992,
                1.5203635692596436,
                1.4466593265533447,
                0.9213160872459412
            ],
            "model_evaluate_on_test_acc": 0.2108108103275299,
            "model_evaluate_on_test_loss": 9.079620361328125,
            "name": "1611106739-049ac37",
            "val_acc": [
                0.0648648664355278,
                0.10810811072587967,
                0.10810811072587967,
                0.10810811072587967,
                0.10810811072587967,
                0.11891891807317734,
                0.1783783733844757,
                0.27837836742401123,
                0.28108108043670654,
                0.34594595432281494,
                0.3216216266155243,
                0.2108108103275299,
                0.5189189314842224,
                0.2405405342578888,
                0.07567567378282547,
                0.07837837934494019,
                0.11621621251106262,
                0.3405405282974243,
                0.5027027130126953,
                0.6270270347595215,
                0.754054069519043,
                0.7729730010032654
            ],
            "val_loss": [
                15.072602272033691,
                14.375602722167969,
                14.375602722167969,
                14.375602722167969,
                14.304296493530273,
                13.776959419250488,
                12.602519035339355,
                10.357706069946289,
                10.480892181396484,
                8.90343952178955,
                7.269219875335693,
                9.079617500305176,
                4.592198848724365,
                9.255831718444824,
                14.786639213562012,
                14.854788780212402,
                13.544161796569824,
                8.873685836791992,
                5.939630508422852,
                3.978208541870117,
                2.4171266555786133,
                2.094404458999634
            ]
        }
    ]
}