{
    "training_result": [
        {
            "acc": [
                0.19629628956317902,
                0.2925925850868225,
                0.4888888895511627,
                0.5333333611488342,
                0.5814814567565918,
                0.5518518686294556,
                0.6629629731178284,
                0.644444465637207,
                0.6407407522201538,
                0.6888889074325562,
                0.6333333253860474,
                0.7481481432914734,
                0.6962962746620178,
                0.6925926208496094,
                0.5111111402511597,
                0.6407407522201538,
                0.7111111283302307,
                0.7370370626449585,
                0.7888888716697693,
                0.7777777910232544,
                0.7962962985038757,
                0.8259259462356567
            ],
            "hypername": "1611096752-41e3934",
            "loss": [
                7.8551249504089355,
                4.595096111297607,
                1.761100172996521,
                1.4048711061477661,
                1.4819742441177368,
                1.4623801708221436,
                1.0902880430221558,
                1.5642067193984985,
                1.3073172569274902,
                1.0218582153320312,
                1.0161312818527222,
                0.8439165949821472,
                0.9748895764350891,
                1.150269627571106,
                2.2386906147003174,
                1.981735348701477,
                1.827111840248108,
                1.6555678844451904,
                1.5416898727416992,
                1.5203635692596436,
                1.4466593265533447,
                0.9213160872459412
            ],
            "model_evaluate_on_test_acc": 0.2108108103275299,
            "model_evaluate_on_test_loss": 9.079620361328125,
            "name": "1611106739-049ac37",
            "val_acc": [
                0.0648648664355278,
                0.10810811072587967,
                0.10810811072587967,
                0.10810811072587967,
                0.10810811072587967,
                0.11891891807317734,
                0.1783783733844757,
                0.27837836742401123,
                0.28108108043670654,
                0.34594595432281494,
                0.3216216266155243,
                0.2108108103275299,
                0.5189189314842224,
                0.2405405342578888,
                0.07567567378282547,
                0.07837837934494019,
                0.11621621251106262,
                0.3405405282974243,
                0.5027027130126953,
                0.6270270347595215,
                0.754054069519043,
                0.7729730010032654
            ],
            "val_loss": [
                15.072602272033691,
                14.375602722167969,
                14.375602722167969,
                14.375602722167969,
                14.304296493530273,
                13.776959419250488,
                12.602519035339355,
                10.357706069946289,
                10.480892181396484,
                8.90343952178955,
                7.269219875335693,
                9.079617500305176,
                4.592198848724365,
                9.255831718444824,
                14.786639213562012,
                14.854788780212402,
                13.544161796569824,
                8.873685836791992,
                5.939630508422852,
                3.978208541870117,
                2.4171266555786133,
                2.094404458999634
            ]
        },
        {
            "acc": [
                0.20000000298023224,
                0.25925925374031067,
                0.31481480598449707,
                0.4296296238899231,
                0.5370370149612427,
                0.5814814567565918,
                0.6629629731178284,
                0.6814814805984497,
                0.6000000238418579,
                0.7074074149131775,
                0.6333333253860474,
                0.7666666507720947,
                0.7222222089767456,
                0.7111111283302307,
                0.6777777671813965,
                0.8074073791503906,
                0.7481481432914734,
                0.7074074149131775,
                0.7148148417472839,
                0.5740740895271301,
                0.7740740776062012,
                0.7925925850868225,
                0.7333333492279053,
                0.7962962985038757,
                0.7814815044403076,
                0.7777777910232544,
                0.7666666507720947,
                0.800000011920929,
                0.8148148059844971,
                0.8296296000480652,
                0.8407407402992249,
                0.8814814686775208,
                0.8333333134651184,
                0.8481481671333313,
                0.8629629611968994,
                0.8703703880310059,
                0.8333333134651184,
                0.8296296000480652,
                0.8703703880310059,
                0.8925926089286804,
                0.8814814686775208,
                0.885185182094574,
                0.8666666746139526,
                0.8518518805503845,
                0.8370370268821716,
                0.8592592477798462,
                0.8629629611968994,
                0.885185182094574,
                0.8666666746139526,
                0.855555534362793,
                0.8222222328186035,
                0.8370370268821716,
                0.8222222328186035,
                0.8740741014480591,
                0.8185185194015503,
                0.8185185194015503,
                0.8518518805503845,
                0.8888888955116272,
                0.855555534362793,
                0.8703703880310059,
                0.8703703880310059,
                0.8666666746139526,
                0.8481481671333313,
                0.885185182094574,
                0.8296296000480652,
                0.8296296000480652,
                0.8444444537162781,
                0.8740741014480591,
                0.8407407402992249,
                0.855555534362793,
                0.8777777552604675,
                0.8888888955116272,
                0.8592592477798462,
                0.8333333134651184,
                0.8666666746139526,
                0.8592592477798462,
                0.8518518805503845,
                0.8666666746139526,
                0.8666666746139526,
                0.8703703880310059,
                0.8740741014480591,
                0.8592592477798462,
                0.8962963223457336,
                0.8629629611968994,
                0.855555534362793
            ],
            "hypername": "1611406988-84ab4bf",