{
    "optuna_result": [
        {
            "embed_dim": 64,
            "ff_dim": 512,
            "lr": 0.01005302515795753,
            "name": "1610386112-1d1776c",
            "num_heads": 16,
            "objective_score": 2.708578586578369
        },
        {
            "embed_dim": 128,
            "ff_dim": 32,
            "lr": 0.01433566137056017,
            "name": "1610415728-3351af1",
            "num_heads": 4,
            "objective_score": 2.708647108078003
        },
        {
            "embed_dim": 32,
            "ff_dim": 512,
            "lr": 0.021239414770136824,
            "name": "1610742947-c295e0f",
            "num_heads": 8,
            "objective_score": 2.708889198303223
        },
        {
            "embed_dim": 64,
            "ff_dim": 32,
            "lr": 0.011350646499237624,
            "name": "1610999412-1405947",
            "num_heads": 8,
            "objective_score": 2.7082428455352785
        }
    ]
}