{
    "optuna_result": [
        {
            "embed_dim": 32,
            "ff_dim": 512,
            "lr": 0.03981134251858807,
            "name": "1610386112-1d1776c",
            "num_heads": 8,
            "objective_score": 0.3560239940881729
        },
        {
            "embed_dim": 32,
            "ff_dim": 32,
            "lr": 0.05379011140663393,
            "name": "1610415728-3351af1",
            "num_heads": 8,
            "objective_score": 0.5273821592330933
        }
    ]
}