{
    "optuna_result": [
        {
            "embed_dim": 32,
            "ff_dim": 32,
            "lr": 0.001547323844858552,
            "name": "1603993968-1adbcd9",
            "num_heads": 16,
            "value": 0.6346924901008606
        },
        {
            "embed_dim": 64,
            "ff_dim": 128,
            "lr": 0.0020437595662520327,
            "name": "1604311482-ed78a9a",
            "num_heads": 4,
            "value": 0.6701202988624573
        },
        {
            "embed_dim": 512,
            "ff_dim": 64,
            "lr": 0.0006201987140946009,
            "name": "1604324794-ed78a9a",
            "num_heads": 4,
            "value": 0.6798128485679626
        }
    ]
}
