{
    "optuna_result": [
        {
            "embed_dim": 128,
            "ff_dim": 512,
            "lr": 7.024709378157621e-05,
            "name": "1604679713-d59b078",
            "num_heads": 4,
            "value": -0.5876137018203735
        },
        {
            "embed_dim": 512,
            "ff_dim": 64,
            "lr": 7.608610577713804e-05,
            "name": "1605299090-57fd130",
            "num_heads": 8,
            "value": -0.5968821048736572
        },
        {
            "embed_dim": 128,
            "ff_dim": 32,
            "lr": 0.00037972046611553577,
            "name": "1605707068-1af78af",
            "num_heads": 8,
            "value": -0.6306319236755371
        }
    ]
}
