{
    "optuna_result": [
        {
            "embed_dim": 32,
            "ff_dim": 32,
            "lr": 0.001547323844858552,
            "name": "1603993968-1adbcd9",
            "num_heads": 16,
            "value": 0.6346924901008606
        }
    ]
}