{
    "optuna_result": [
        {
            "embed_dim": 32,
            "ff_dim": 64,
            "lr": 0.07794017578060658,
            "name": "1611938187-5cb121c",
            "num_heads": 8,
            "objective_score": 1.102330470085144,
            "z-redshift": true
        }
    ]
}
