{
    "training_result": [
        {
            "acc": [
                0.8791946172714233,
                0.755033552646637,
                0.8926174640655518,
                0.8926174640655518,
                0.8926174640655518,
                0.9026845693588257,
                0.9328858852386475,
                0.8926174640655518,
                0.9429529905319214,
                0.9463087320327759,
                0.9496644139289856,
                0.9530201554298401,
                0.9395973086357117,
                0.8389261960983276,
                0.9295302033424377,
                0.9194630980491638,
                0.9429529905319214,
                0.9731543660163879,
                0.9697986841201782,
                0.9664429426193237,
                0.9664429426193237,
                0.9798657894134521,
                0.9798657894134521,
                0.9798657894134521,
                0.9798657894134521,
                0.9798657894134521,
                0.9798657894134521,
                0.9798657894134521,
                0.9798657894134521,
                0.9798657894134521,
                0.9798657894134521,
                0.9798657894134521,
                0.9798657894134521,
                0.9798657894134521,
                0.9798657894134521,
                0.9798657894134521,
                0.9798657894134521,
                0.9798657894134521,
                0.9765100479125977,
                0.9798657894134521,
                0.9798657894134521,
                0.9798657894134521,
                0.9798657894134521,
                0.9798657894134521,
                0.9798657894134521,
                0.9798657894134521,
                0.9798657894134521
            ],
            "hypername": "1611096758-41e3934",
            "loss": [
                1.0504151582717896,
                0.5298776626586914,
                0.3738684058189392,
                0.40965643525123596,
                0.37013065814971924,
                0.30974289774894714,
                0.3223015069961548,
                0.3465963900089264,
                0.3463796377182007,
                0.33494535088539124,
                0.28594526648521423,
                0.24670153856277466,
                0.6615566611289978,
                0.8326846361160278,
                0.7032774090766907,
                0.3965393304824829,
                0.3456419110298157,
                0.281512975692749,
                0.2296021729707718,
                0.22640305757522583,
                0.2174491435289383,
                0.16308753192424774,
                0.16634826362133026,
                0.1572466641664505,
                0.15594200789928436,
                0.15075449645519257,
                0.150054469704628,
                0.14866474270820618,
                0.1500454545021057,
                0.14753834903240204,
                0.14762692153453827,
                0.13997244834899902,
                0.13970479369163513,
                0.13803666830062866,
                0.13371922075748444,
                0.13650889694690704,
                0.13193188607692719,
                0.13583625853061676,
                0.1348019689321518,
                0.13390637934207916,
                0.1353273242712021,
                0.13603217899799347,
                0.1322518140077591,
                0.13963767886161804,
                0.13689766824245453,
                0.13096074759960175,
                0.13383761048316956
            ],
            "model_evaluate_on_test_acc": 0.8939732313156128,
            "model_evaluate_on_test_loss": 1.7089498043060303,
            "model_predict_precision_score": -9999,
            "model_predict_recall_score": -9999,
            "name": "1611100310-049ac37",
            "val_acc": [
                0.8939732313156128,
                0.8939732313156128,
                0.8939732313156128,
                0.8939732313156128,
                0.8939732313156128,
                0.8939732313156128,
                0.8939732313156128,
                0.8939732313156128,
                0.8939732313156128,
                0.8939732313156128,
                0.8939732313156128,
                0.8939732313156128,
                0.8939732313156128,
                0.8939732313156128,
                0.8939732313156128,
                0.8939732313156128,
                0.8939732313156128,
                0.8939732313156128,
                0.8939732313156128,
                0.8939732313156128,
                0.8939732313156128,
                0.8939732313156128,
                0.8939732313156128,
                0.8939732313156128,
                0.8939732313156128,
                0.8939732313156128,
                0.8939732313156128,
                0.8939732313156128,
                0.8939732313156128,
                0.8939732313156128,
                0.8939732313156128,
                0.8939732313156128,
                0.8939732313156128,
                0.8939732313156128,
                0.8939732313156128,
                0.8939732313156128,
                0.8939732313156128,
                0.8939732313156128,
                0.8939732313156128,
                0.8939732313156128,
                0.8939732313156128,
                0.8939732313156128,
                0.8939732313156128,
                0.8939732313156128,
                0.8939732313156128,
                0.8939732313156128,
                0.8939732313156128
            ],