{
    "optuna_result": [
        {
            "kernel_size": 3,
            "lr": 0.01073342371050011,
            "name": "1611096753-41e3934",
            "objective_score": 0.7128424882888794,
            "pool_size": 3
        },
        {
            "kernel_size": 12,
            "lr": 0.036083622228567744,
            "name": "1611407002-84ab4bf",
            "objective_score": 5.9099681854248045,
            "pool_size": 12
        }
    ]
}
