{
    "optuna_result": [
        {
            "augmented": null,
            "avocado": null,
            "kernel_size": 3,
            "lr": 0.010036458699511652,
            "name": "1611096754-41e3934",
            "objective_score": 0.48483399748802186,
            "pool_size": 3,
            "scaledown_factor": 1,
            "testset": null,
            "z-redshift": null
        },
        {
            "augmented": null,
            "avocado": null,
            "kernel_size": 96,
            "lr": 0.013413406327153902,
            "name": "1611406987-84ab4bf",
            "objective_score": 0.7226357698440552,
            "pool_size": 96,
            "scaledown_factor": 1,
            "testset": null,
            "z-redshift": null
        },
        {
            "augmented": null,
            "avocado": null,
            "kernel_size": 3,
            "lr": 0.028291972198169656,
            "name": "1644492352-0.3.1.dev10+g936df1b",
            "objective_score": 0.003327651403378695,
            "pool_size": 48,
            "scaledown_factor": 4,
            "testset": null,
            "z-redshift": null
        }
    ]
}
