{
    "optuna_result": [
        {
            "augmented": null,
            "avocado": null,
            "kernel_size": 3,
            "lr": 0.029073899548960287,
            "name": "1611096758-41e3934",
            "objective_score": 2.035965180397034,
            "pool_size": 3,
            "scaledown_factor": 4,
            "testset": null,
            "z-redshift": null
        },
        {
            "augmented": null,
            "avocado": null,
            "kernel_size": 3,
            "lr": 0.013766024388737527,
            "name": "1611406994-84ab4bf",
            "objective_score": 3.0851195476949216,
            "pool_size": 3,
            "scaledown_factor": 4,
            "testset": null,
            "z-redshift": null
        },
        {
            "augmented": null,
            "avocado": null,
            "kernel_size": 48,
            "lr": 0.032556866314419196,
            "name": "1644493598-0.3.1.dev10+g936df1b",
            "objective_score": 0.010194186633452774,
            "pool_size": 32,
            "scaledown_factor": 4,
            "testset": null,
            "z-redshift": null
        }
    ]
}
