{
    "optuna_result": [
        {
            "embed_dim": 32,
            "ff_dim": 128,
            "lr": 0.012465354601367086,
            "name": "1610386112-1d1776c",
            "num_heads": 8,
            "objective_score": 0.0008467238920275121
        },
        {
            "embed_dim": 32,
            "ff_dim": 32,
            "lr": 0.012850110624006341,
            "name": "1610415728-3351af1",
            "num_heads": 16,
            "objective_score": 0.0018425361020490527
        }
    ]
}