{
    "optuna_result": [
        {
            "embed_dim": 32,
            "ff_dim": 128,
            "lr": 0.012465354601367086,
            "name": "1610386112-1d1776c",
            "num_heads": 8,
            "objective_score": 0.0008467238920275121
        },
        {
            "embed_dim": 32,
            "ff_dim": 32,
            "lr": 0.012850110624006341,
            "name": "1610415728-3351af1",
            "num_heads": 16,
            "objective_score": 0.0018425361020490527
        },
        {
            "embed_dim": 32,
            "ff_dim": 64,
            "lr": 0.010619192596205683,
            "name": "1610742947-c295e0f",
            "num_heads": 16,
            "objective_score": 0.0010702822299208492
        },
        {
            "embed_dim": 32,
            "ff_dim": 128,
            "lr": 0.039677776006744034,
            "name": "1610999412-1405947",
            "num_heads": 16,
            "objective_score": 0.0001924735290231183
        }
    ]
}