{
    "optuna_result": [
        {
            "kernel_size": 3,
            "lr": 0.019263544687361245,
            "name": "1611271958-0b0d4b0",
            "objective_score": 0.0050332540646195415,
            "pool_size": 3
        }
    ]
}
