{
    "optuna_result": [
        {
            "lr": 0.01073342371050011,
            "name": "1611096753-41e3934",
            "objective_score": 0.7128424882888794
        }
    ]
}